,head_id,head_label,relation_id,relation_label,tail_id,tail_label,score
0,33,126,0,hasCapacityPrediction,13,1092,1.684679
0,221,177,0,hasCapacityPrediction,13,1092,2.4859316
0,566,208,0,hasCapacityPrediction,13,1092,2.8712275
0,899,238,0,hasCapacityPrediction,13,1092,2.0014324
0,1266,271,0,hasCapacityPrediction,13,1092,2.7420099
0,1532,295,0,hasCapacityPrediction,13,1092,1.8955611
0,1611,302,0,hasCapacityPrediction,13,1092,1.8828211
0,1622,303,0,hasCapacityPrediction,13,1092,1.3672924
0,1822,321,0,hasCapacityPrediction,13,1092,1.2172998
0,1944,332,0,hasCapacityPrediction,13,1092,1.5952722
0,2066,343,0,hasCapacityPrediction,13,1092,2.3915796
0,2099,346,0,hasCapacityPrediction,13,1092,1.9584274
0,2110,347,0,hasCapacityPrediction,13,1092,2.199703
0,2177,353,0,hasCapacityPrediction,13,1092,2.766907
0,2210,356,0,hasCapacityPrediction,13,1092,1.3899759
0,2221,357,0,hasCapacityPrediction,13,1092,1.8201277
0,2255,360,0,hasCapacityPrediction,13,1092,2.0440996
0,2288,363,0,hasCapacityPrediction,13,1092,1.7838126
0,2321,366,0,hasCapacityPrediction,13,1092,2.9924812
0,2377,371,0,hasCapacityPrediction,13,1092,1.3909216
0,2443,377,0,hasCapacityPrediction,13,1092,2.3730514
0,2477,380,0,hasCapacityPrediction,13,1092,2.745512
0,2499,382,0,hasCapacityPrediction,13,1092,1.4359983
0,2521,384,0,hasCapacityPrediction,13,1092,1.5437007
0,2576,389,0,hasCapacityPrediction,13,1092,2.1540334
0,2588,390,0,hasCapacityPrediction,13,1092,2.1458504
0,2599,391,0,hasCapacityPrediction,13,1092,2.7484334
0,2610,392,0,hasCapacityPrediction,13,1092,1.8065124
0,2643,395,0,hasCapacityPrediction,13,1092,1.0720307
0,2676,398,0,hasCapacityPrediction,13,1092,1.6945134
0,2687,399,0,hasCapacityPrediction,13,1092,2.8233442
0,2700,400,0,hasCapacityPrediction,13,1092,2.3408701
0,2711,401,0,hasCapacityPrediction,13,1092,1.4479362
0,2744,404,0,hasCapacityPrediction,13,1092,3.2473874
0,2777,407,0,hasCapacityPrediction,13,1092,0.8323026
0,2811,410,0,hasCapacityPrediction,13,1092,2.2600439
0,2822,411,0,hasCapacityPrediction,13,1092,1.7561867
0,2866,415,0,hasCapacityPrediction,13,1092,1.867115
0,2877,416,0,hasCapacityPrediction,13,1092,1.762896
0,2899,418,0,hasCapacityPrediction,13,1092,2.5818179
0,2910,419,0,hasCapacityPrediction,13,1092,2.0426672
0,2922,420,0,hasCapacityPrediction,13,1092,2.0037382
0,2933,421,0,hasCapacityPrediction,13,1092,2.5986977
0,2966,424,0,hasCapacityPrediction,13,1092,2.3380773
0,2977,425,0,hasCapacityPrediction,13,1092,1.7900823
0,2999,427,0,hasCapacityPrediction,13,1092,1.9773833
0,3010,428,0,hasCapacityPrediction,13,1092,1.9949443
0,3021,429,0,hasCapacityPrediction,13,1092,2.0429847
0,3033,430,0,hasCapacityPrediction,13,1092,1.3515326
0,3044,431,0,hasCapacityPrediction,13,1092,2.2454634
0,3066,433,0,hasCapacityPrediction,13,1092,2.9643328
0,3077,434,0,hasCapacityPrediction,13,1092,1.3849442
0,3088,435,0,hasCapacityPrediction,13,1092,1.5622894
0,3099,436,0,hasCapacityPrediction,13,1092,1.9240707
0,3144,440,0,hasCapacityPrediction,13,1092,2.3233013
0,3155,441,0,hasCapacityPrediction,13,1092,2.2234416
0,3354,459,0,hasCapacityPrediction,13,1092,3.6044457
0,3488,471,0,hasCapacityPrediction,13,1092,3.7574272
0,3721,492,0,hasCapacityPrediction,13,1092,3.1230903
0,3798,499,0,hasCapacityPrediction,13,1092,2.7284157
0,3811,500,0,hasCapacityPrediction,13,1092,2.4679837
0,3999,517,0,hasCapacityPrediction,13,1092,3.0159974
0,4088,525,0,hasCapacityPrediction,13,1092,3.373948
0,4166,532,0,hasCapacityPrediction,13,1092,2.56942
0,80,1642,0,hasCapacityPrediction,13,1092,2.8660638
0,82,1644,0,hasCapacityPrediction,13,1092,3.2990868
0,89,1650,0,hasCapacityPrediction,13,1092,3.4807284
0,95,1656,0,hasCapacityPrediction,13,1092,2.5998833
0,104,1664,0,hasCapacityPrediction,13,1092,2.6439164
0,109,1669,0,hasCapacityPrediction,13,1092,2.9986882
0,117,1676,0,hasCapacityPrediction,13,1092,2.4545417
0,119,1678,0,hasCapacityPrediction,13,1092,2.8363202
0,120,1679,0,hasCapacityPrediction,13,1092,2.6932917
0,124,1682,0,hasCapacityPrediction,13,1092,1.8585564
0,128,1686,0,hasCapacityPrediction,13,1092,3.0032794
0,133,1690,0,hasCapacityPrediction,13,1092,2.751606
0,135,1692,0,hasCapacityPrediction,13,1092,3.2938528
0,136,1693,0,hasCapacityPrediction,13,1092,1.8149819
0,140,1697,0,hasCapacityPrediction,13,1092,2.1506827
0,150,1705,0,hasCapacityPrediction,13,1092,2.761838
0,152,1707,0,hasCapacityPrediction,13,1092,2.6701481
0,153,1708,0,hasCapacityPrediction,13,1092,2.709347
0,154,1709,0,hasCapacityPrediction,13,1092,2.7064657
0,156,1710,0,hasCapacityPrediction,13,1092,3.4976788
0,158,1712,0,hasCapacityPrediction,13,1092,1.9944664
0,163,1717,0,hasCapacityPrediction,13,1092,2.6794481
0,167,1720,0,hasCapacityPrediction,13,1092,2.821048
0,169,1722,0,hasCapacityPrediction,13,1092,2.9216304
0,170,1723,0,hasCapacityPrediction,13,1092,2.343295
0,171,1724,0,hasCapacityPrediction,13,1092,3.3890505
0,176,1729,0,hasCapacityPrediction,13,1092,3.3277636
0,181,1733,0,hasCapacityPrediction,13,1092,2.6705043
0,184,1736,0,hasCapacityPrediction,13,1092,3.0906403
0,185,1737,0,hasCapacityPrediction,13,1092,2.2845142
0,187,1739,0,hasCapacityPrediction,13,1092,3.3516061
0,189,1740,0,hasCapacityPrediction,13,1092,3.2884982
0,190,1741,0,hasCapacityPrediction,13,1092,2.7038584
0,192,1743,0,hasCapacityPrediction,13,1092,2.3877115
0,195,1746,0,hasCapacityPrediction,13,1092,1.8430308
0,196,1747,0,hasCapacityPrediction,13,1092,2.6403918
0,198,1749,0,hasCapacityPrediction,13,1092,2.6889977
0,200,1750,0,hasCapacityPrediction,13,1092,2.5057623
0,202,1752,0,hasCapacityPrediction,13,1092,2.4644132
0,203,1753,0,hasCapacityPrediction,13,1092,2.232423
0,204,1754,0,hasCapacityPrediction,13,1092,2.8121057
0,206,1756,0,hasCapacityPrediction,13,1092,2.6196399
0,207,1757,0,hasCapacityPrediction,13,1092,2.477174
0,208,1758,0,hasCapacityPrediction,13,1092,2.5719244
0,209,1759,0,hasCapacityPrediction,13,1092,2.5995119
0,212,1761,0,hasCapacityPrediction,13,1092,2.6243992
0,213,1762,0,hasCapacityPrediction,13,1092,2.6636932
0,216,1765,0,hasCapacityPrediction,13,1092,2.3396516
0,217,1766,0,hasCapacityPrediction,13,1092,2.9182138
0,219,1768,0,hasCapacityPrediction,13,1092,2.8599486
0,222,1770,0,hasCapacityPrediction,13,1092,2.275905
0,224,1772,0,hasCapacityPrediction,13,1092,1.9680986
0,225,1773,0,hasCapacityPrediction,13,1092,2.5089478
0,227,1775,0,hasCapacityPrediction,13,1092,2.8618848
0,229,1777,0,hasCapacityPrediction,13,1092,3.2309015
0,230,1778,0,hasCapacityPrediction,13,1092,2.0451298
0,231,1779,0,hasCapacityPrediction,13,1092,2.3684661
0,233,1780,0,hasCapacityPrediction,13,1092,2.366551
0,237,1784,0,hasCapacityPrediction,13,1092,2.3012288
0,238,1785,0,hasCapacityPrediction,13,1092,2.637412
0,239,1786,0,hasCapacityPrediction,13,1092,2.1719851
0,241,1788,0,hasCapacityPrediction,13,1092,3.873396
0,242,1789,0,hasCapacityPrediction,13,1092,2.8508852
0,244,1790,0,hasCapacityPrediction,13,1092,2.9176917
0,245,1791,0,hasCapacityPrediction,13,1092,3.3079145
0,246,1792,0,hasCapacityPrediction,13,1092,2.6162817
0,247,1793,0,hasCapacityPrediction,13,1092,2.5321875
0,248,1794,0,hasCapacityPrediction,13,1092,3.1513948
0,249,1795,0,hasCapacityPrediction,13,1092,2.1844404
0,250,1796,0,hasCapacityPrediction,13,1092,2.7690225
0,251,1797,0,hasCapacityPrediction,13,1092,2.2385058
0,252,1798,0,hasCapacityPrediction,13,1092,2.1367655
0,253,1799,0,hasCapacityPrediction,13,1092,2.28376
0,257,1801,0,hasCapacityPrediction,13,1092,2.2832415
0,258,1802,0,hasCapacityPrediction,13,1092,2.8227808
0,328,1866,0,hasCapacityPrediction,13,1092,2.2161756
0,398,1929,0,hasCapacityPrediction,13,1092,2.1744568
0,401,1931,0,hasCapacityPrediction,13,1092,3.14892
0,402,1932,0,hasCapacityPrediction,13,1092,3.0292418
0,406,1936,0,hasCapacityPrediction,13,1092,2.6365132
0,407,1937,0,hasCapacityPrediction,13,1092,2.1494675
0,413,1942,0,hasCapacityPrediction,13,1092,2.6224618
0,416,1945,0,hasCapacityPrediction,13,1092,1.8912431
0,417,1946,0,hasCapacityPrediction,13,1092,2.9567595
0,419,1948,0,hasCapacityPrediction,13,1092,2.9920192
0,440,1967,0,hasCapacityPrediction,13,1092,2.1907346
0,467,1991,0,hasCapacityPrediction,13,1092,2.4623315
0,468,1992,0,hasCapacityPrediction,13,1092,2.192709
0,469,1993,0,hasCapacityPrediction,13,1092,3.0899897
0,470,1994,0,hasCapacityPrediction,13,1092,2.8555918
0,473,1997,0,hasCapacityPrediction,13,1092,1.8769603
0,479,2000,0,hasCapacityPrediction,13,1092,2.947319
0,490,2010,0,hasCapacityPrediction,13,1092,3.1882286
0,492,2012,0,hasCapacityPrediction,13,1092,2.0138824
0,503,2022,0,hasCapacityPrediction,13,1092,3.5092947
0,504,2023,0,hasCapacityPrediction,13,1092,2.535569
0,506,2025,0,hasCapacityPrediction,13,1092,1.9828392
0,507,2026,0,hasCapacityPrediction,13,1092,2.2388318
0,508,2027,0,hasCapacityPrediction,13,1092,2.5281434
0,509,2028,0,hasCapacityPrediction,13,1092,1.8169415
0,520,2038,0,hasCapacityPrediction,13,1092,2.0084944
0,521,2039,0,hasCapacityPrediction,13,1092,2.5851614
0,524,2041,0,hasCapacityPrediction,13,1092,1.8224165
0,527,2044,0,hasCapacityPrediction,13,1092,3.0718791
0,530,2047,0,hasCapacityPrediction,13,1092,1.130363
0,538,2054,0,hasCapacityPrediction,13,1092,1.961237
0,539,2055,0,hasCapacityPrediction,13,1092,3.552768
0,541,2057,0,hasCapacityPrediction,13,1092,2.750111
0,542,2058,0,hasCapacityPrediction,13,1092,2.2551875
0,543,2059,0,hasCapacityPrediction,13,1092,2.8829513
0,547,2062,0,hasCapacityPrediction,13,1092,2.61513
0,548,2063,0,hasCapacityPrediction,13,1092,2.7526379
0,553,2068,0,hasCapacityPrediction,13,1092,1.1140499
0,556,2070,0,hasCapacityPrediction,13,1092,2.9755287
0,558,2072,0,hasCapacityPrediction,13,1092,3.0336876
0,559,2073,0,hasCapacityPrediction,13,1092,2.0931551
0,560,2074,0,hasCapacityPrediction,13,1092,2.643851
0,561,2075,0,hasCapacityPrediction,13,1092,2.073524
0,563,2077,0,hasCapacityPrediction,13,1092,2.3616366
0,573,2086,0,hasCapacityPrediction,13,1092,2.4243457
0,574,2087,0,hasCapacityPrediction,13,1092,3.0571036
0,576,2089,0,hasCapacityPrediction,13,1092,2.3801305
0,578,2090,0,hasCapacityPrediction,13,1092,1.877588
0,579,2091,0,hasCapacityPrediction,13,1092,3.2293882
0,580,2092,0,hasCapacityPrediction,13,1092,2.5660987
0,581,2093,0,hasCapacityPrediction,13,1092,2.4416003
0,586,2098,0,hasCapacityPrediction,13,1092,2.28615
0,587,2099,0,hasCapacityPrediction,13,1092,3.223574
0,591,2101,0,hasCapacityPrediction,13,1092,2.9611113
0,592,2102,0,hasCapacityPrediction,13,1092,2.60636
0,593,2103,0,hasCapacityPrediction,13,1092,2.4417164
0,594,2104,0,hasCapacityPrediction,13,1092,2.647049
0,595,2105,0,hasCapacityPrediction,13,1092,1.9151129
0,596,2106,0,hasCapacityPrediction,13,1092,2.2275631
0,597,2107,0,hasCapacityPrediction,13,1092,1.8092575
0,598,2108,0,hasCapacityPrediction,13,1092,2.9866276
0,604,2113,0,hasCapacityPrediction,13,1092,2.6219609
0,609,2118,0,hasCapacityPrediction,13,1092,1.4420033
0,610,2119,0,hasCapacityPrediction,13,1092,2.0348098
0,613,2121,0,hasCapacityPrediction,13,1092,2.314329
0,614,2122,0,hasCapacityPrediction,13,1092,2.8497143
0,615,2123,0,hasCapacityPrediction,13,1092,3.503687
0,616,2124,0,hasCapacityPrediction,13,1092,2.3288827
0,620,2128,0,hasCapacityPrediction,13,1092,2.4580727
0,621,2129,0,hasCapacityPrediction,13,1092,2.3363836
0,623,2130,0,hasCapacityPrediction,13,1092,2.686624
0,624,2131,0,hasCapacityPrediction,13,1092,2.558901
0,626,2133,0,hasCapacityPrediction,13,1092,3.2907636
0,628,2135,0,hasCapacityPrediction,13,1092,3.262613
0,629,2136,0,hasCapacityPrediction,13,1092,2.890136
0,630,2137,0,hasCapacityPrediction,13,1092,2.5742533
0,631,2138,0,hasCapacityPrediction,13,1092,2.9488149
0,632,2139,0,hasCapacityPrediction,13,1092,2.6171412
0,636,2142,0,hasCapacityPrediction,13,1092,2.562838
0,638,2144,0,hasCapacityPrediction,13,1092,2.2374134
0,640,2146,0,hasCapacityPrediction,13,1092,2.6266088
0,641,2147,0,hasCapacityPrediction,13,1092,3.1230738
0,645,2150,0,hasCapacityPrediction,13,1092,2.3576658
0,647,2152,0,hasCapacityPrediction,13,1092,2.5954947
0,648,2153,0,hasCapacityPrediction,13,1092,3.1154308
0,649,2154,0,hasCapacityPrediction,13,1092,2.7086766
0,650,2155,0,hasCapacityPrediction,13,1092,2.2072732
0,651,2156,0,hasCapacityPrediction,13,1092,2.2539108
0,652,2157,0,hasCapacityPrediction,13,1092,2.197356
0,653,2158,0,hasCapacityPrediction,13,1092,3.0073783
0,654,2159,0,hasCapacityPrediction,13,1092,2.077303
0,656,2160,0,hasCapacityPrediction,13,1092,3.0128505
0,665,2169,0,hasCapacityPrediction,13,1092,1.5698012
0,745,2240,0,hasCapacityPrediction,13,1092,2.402102
0,748,2243,0,hasCapacityPrediction,13,1092,2.3543534
0,751,2246,0,hasCapacityPrediction,13,1092,2.2347727
0,752,2247,0,hasCapacityPrediction,13,1092,2.0265024
0,756,2250,0,hasCapacityPrediction,13,1092,2.6707957
0,757,2251,0,hasCapacityPrediction,13,1092,2.6809864
0,758,2252,0,hasCapacityPrediction,13,1092,2.7050853
0,760,2254,0,hasCapacityPrediction,13,1092,2.0857933
0,865,2349,0,hasCapacityPrediction,13,1092,2.1919463
0,909,2389,0,hasCapacityPrediction,13,1092,1.9073588
0,937,2413,0,hasCapacityPrediction,13,1092,3.6803453
0,938,2414,0,hasCapacityPrediction,13,1092,2.6318274
0,941,2417,0,hasCapacityPrediction,13,1092,2.2649024
0,978,2450,0,hasCapacityPrediction,13,1092,2.060124
0,985,2457,0,hasCapacityPrediction,13,1092,2.6366377
0,1012,2481,0,hasCapacityPrediction,13,1092,1.63275
0,1017,2486,0,hasCapacityPrediction,13,1092,2.1961534
0,1027,2495,0,hasCapacityPrediction,13,1092,2.231826
0,1042,2508,0,hasCapacityPrediction,13,1092,2.6057937
0,1045,2510,0,hasCapacityPrediction,13,1092,3.141996
0,1051,2516,0,hasCapacityPrediction,13,1092,3.2117438
0,1053,2518,0,hasCapacityPrediction,13,1092,1.2879474
0,1054,2519,0,hasCapacityPrediction,13,1092,2.0220697
0,1058,2522,0,hasCapacityPrediction,13,1092,3.0117402
0,1064,2528,0,hasCapacityPrediction,13,1092,2.6011226
0,1074,2537,0,hasCapacityPrediction,13,1092,2.9018092
0,1081,2543,0,hasCapacityPrediction,13,1092,2.5114155
0,1085,2547,0,hasCapacityPrediction,13,1092,1.9174247
0,1087,2549,0,hasCapacityPrediction,13,1092,2.1103654
0,1116,2575,0,hasCapacityPrediction,13,1092,1.8860021
0,1117,2576,0,hasCapacityPrediction,13,1092,3.450896
0,1119,2578,0,hasCapacityPrediction,13,1092,2.296482
0,1129,2587,0,hasCapacityPrediction,13,1092,2.9903016
0,1133,2590,0,hasCapacityPrediction,13,1092,2.4950368
0,1135,2592,0,hasCapacityPrediction,13,1092,1.8762902
0,1137,2594,0,hasCapacityPrediction,13,1092,2.1435134
0,1138,2595,0,hasCapacityPrediction,13,1092,3.1466637
0,1145,2600,0,hasCapacityPrediction,13,1092,2.4772213
0,1147,2602,0,hasCapacityPrediction,13,1092,2.7431223
0,1150,2605,0,hasCapacityPrediction,13,1092,2.9627762
0,1152,2607,0,hasCapacityPrediction,13,1092,2.5347636
0,1153,2608,0,hasCapacityPrediction,13,1092,2.872642
0,1156,2610,0,hasCapacityPrediction,13,1092,3.7589388
0,1161,2615,0,hasCapacityPrediction,13,1092,2.7128117
0,1162,2616,0,hasCapacityPrediction,13,1092,1.462311
0,1163,2617,0,hasCapacityPrediction,13,1092,1.0845993
0,1164,2618,0,hasCapacityPrediction,13,1092,2.4494095
0,1165,2619,0,hasCapacityPrediction,13,1092,1.9320835
0,1168,2621,0,hasCapacityPrediction,13,1092,2.9928982
0,1172,2625,0,hasCapacityPrediction,13,1092,3.0418065
0,1184,2636,0,hasCapacityPrediction,13,1092,2.8069918
0,1185,2637,0,hasCapacityPrediction,13,1092,1.3997294
0,1186,2638,0,hasCapacityPrediction,13,1092,2.9078414
0,1197,2648,0,hasCapacityPrediction,13,1092,1.6259488
0,1200,2650,0,hasCapacityPrediction,13,1092,2.4161105
0,1202,2652,0,hasCapacityPrediction,13,1092,2.1262968
0,1203,2653,0,hasCapacityPrediction,13,1092,3.1170375
0,1204,2654,0,hasCapacityPrediction,13,1092,2.9543753
0,1205,2655,0,hasCapacityPrediction,13,1092,2.4180584
0,1207,2657,0,hasCapacityPrediction,13,1092,2.5688167
0,1209,2659,0,hasCapacityPrediction,13,1092,2.5971625
0,1217,2666,0,hasCapacityPrediction,13,1092,1.5184554
0,1222,2670,0,hasCapacityPrediction,13,1092,2.1376402
0,1224,2672,0,hasCapacityPrediction,13,1092,2.5392346
0,1228,2676,0,hasCapacityPrediction,13,1092,2.2315454
0,1229,2677,0,hasCapacityPrediction,13,1092,2.6309679
0,1230,2678,0,hasCapacityPrediction,13,1092,2.0629072
0,1231,2679,0,hasCapacityPrediction,13,1092,3.1007948
0,1233,2680,0,hasCapacityPrediction,13,1092,2.8003354
0,1235,2682,0,hasCapacityPrediction,13,1092,3.785489
0,1236,2683,0,hasCapacityPrediction,13,1092,2.68127
0,1237,2684,0,hasCapacityPrediction,13,1092,2.076645
0,1239,2686,0,hasCapacityPrediction,13,1092,2.0932674
0,1240,2687,0,hasCapacityPrediction,13,1092,2.613456
0,1241,2688,0,hasCapacityPrediction,13,1092,2.6703098
0,1244,2690,0,hasCapacityPrediction,13,1092,3.1397164
0,1245,2691,0,hasCapacityPrediction,13,1092,2.2975783
0,1246,2692,0,hasCapacityPrediction,13,1092,2.72904
0,1247,2693,0,hasCapacityPrediction,13,1092,2.4438348
0,1248,2694,0,hasCapacityPrediction,13,1092,2.0258803
0,1250,2696,0,hasCapacityPrediction,13,1092,2.2406373
0,1251,2697,0,hasCapacityPrediction,13,1092,2.9010925
0,1252,2698,0,hasCapacityPrediction,13,1092,2.8187282
0,1256,2700,0,hasCapacityPrediction,13,1092,2.5500731
0,1257,2701,0,hasCapacityPrediction,13,1092,2.5791268
0,1258,2702,0,hasCapacityPrediction,13,1092,1.9522343
0,1259,2703,0,hasCapacityPrediction,13,1092,1.6406262
0,1260,2704,0,hasCapacityPrediction,13,1092,2.8222349
0,1458,2883,0,hasCapacityPrediction,13,1092,3.0788317
0,1478,2900,0,hasCapacityPrediction,13,1092,2.297408
0,1519,2938,0,hasCapacityPrediction,13,1092,2.6731112
0,1528,2946,0,hasCapacityPrediction,13,1092,3.1022415
0,1539,2956,0,hasCapacityPrediction,13,1092,1.7574537
0,1556,2971,0,hasCapacityPrediction,13,1092,2.6110735
0,1660,3064,0,hasCapacityPrediction,13,1092,2.6792607
0,1661,3065,0,hasCapacityPrediction,13,1092,3.4065716
0,1674,3077,0,hasCapacityPrediction,13,1092,3.2854676
0,1684,3086,0,hasCapacityPrediction,13,1092,2.0235684
0,1685,3087,0,hasCapacityPrediction,13,1092,2.6380005
0,1693,3094,0,hasCapacityPrediction,13,1092,2.1510735
0,1708,3107,0,hasCapacityPrediction,13,1092,2.791833
0,1714,3112,0,hasCapacityPrediction,13,1092,2.9033237
0,1721,3119,0,hasCapacityPrediction,13,1092,2.497139
0,1727,3124,0,hasCapacityPrediction,13,1092,2.9549239
0,1729,3126,0,hasCapacityPrediction,13,1092,1.9653014
0,1730,3127,0,hasCapacityPrediction,13,1092,2.9414308
0,1731,3128,0,hasCapacityPrediction,13,1092,3.273397
0,1735,3131,0,hasCapacityPrediction,13,1092,3.249583
0,1749,3144,0,hasCapacityPrediction,13,1092,2.6047568
0,1753,3148,0,hasCapacityPrediction,13,1092,3.2597635
0,1754,3149,0,hasCapacityPrediction,13,1092,1.6981461
0,1763,3157,0,hasCapacityPrediction,13,1092,2.0578635
0,1765,3159,0,hasCapacityPrediction,13,1092,2.119904
0,1769,3162,0,hasCapacityPrediction,13,1092,3.308903
0,1770,3163,0,hasCapacityPrediction,13,1092,2.9200013
0,1776,3169,0,hasCapacityPrediction,13,1092,2.5690196
0,1778,3170,0,hasCapacityPrediction,13,1092,2.683896
0,1781,3173,0,hasCapacityPrediction,13,1092,2.581975
0,1787,3179,0,hasCapacityPrediction,13,1092,2.5760207
0,1794,3185,0,hasCapacityPrediction,13,1092,2.5406961
0,1797,3188,0,hasCapacityPrediction,13,1092,2.860831
0,1798,3189,0,hasCapacityPrediction,13,1092,2.6287885
0,1803,3193,0,hasCapacityPrediction,13,1092,2.7725759
0,1804,3194,0,hasCapacityPrediction,13,1092,2.6695056
0,1812,3200,0,hasCapacityPrediction,13,1092,1.7422216
0,1816,3204,0,hasCapacityPrediction,13,1092,1.890073
0,1817,3205,0,hasCapacityPrediction,13,1092,2.8641853
0,1823,3210,0,hasCapacityPrediction,13,1092,2.791355
0,1831,3218,0,hasCapacityPrediction,13,1092,2.3749135
0,1832,3219,0,hasCapacityPrediction,13,1092,2.5556314
0,1839,3225,0,hasCapacityPrediction,13,1092,2.3021438
0,1840,3226,0,hasCapacityPrediction,13,1092,2.7886772
0,1845,3230,0,hasCapacityPrediction,13,1092,2.797638
0,1846,3231,0,hasCapacityPrediction,13,1092,1.959836
0,1847,3232,0,hasCapacityPrediction,13,1092,2.6692734
0,1851,3236,0,hasCapacityPrediction,13,1092,2.1963608
0,1853,3238,0,hasCapacityPrediction,13,1092,2.6404176
0,1857,3241,0,hasCapacityPrediction,13,1092,3.4280949
0,1860,3244,0,hasCapacityPrediction,13,1092,2.4161289
0,1861,3245,0,hasCapacityPrediction,13,1092,2.391209
0,1862,3246,0,hasCapacityPrediction,13,1092,2.3883996
0,1870,3253,0,hasCapacityPrediction,13,1092,2.8798218
0,1871,3254,0,hasCapacityPrediction,13,1092,2.6145794
0,1873,3256,0,hasCapacityPrediction,13,1092,1.7674869
0,1874,3257,0,hasCapacityPrediction,13,1092,3.0666018
0,1875,3258,0,hasCapacityPrediction,13,1092,3.0165596
0,1876,3259,0,hasCapacityPrediction,13,1092,2.5215094
0,1878,3260,0,hasCapacityPrediction,13,1092,3.0470428
0,1879,3261,0,hasCapacityPrediction,13,1092,2.4970832
0,1880,3262,0,hasCapacityPrediction,13,1092,2.0520444
0,1882,3264,0,hasCapacityPrediction,13,1092,2.4879427
0,1883,3265,0,hasCapacityPrediction,13,1092,3.1208642
0,1884,3266,0,hasCapacityPrediction,13,1092,2.6512866
0,1885,3267,0,hasCapacityPrediction,13,1092,2.6017914
0,1886,3268,0,hasCapacityPrediction,13,1092,2.6375074
0,1887,3269,0,hasCapacityPrediction,13,1092,2.578214
0,1889,3270,0,hasCapacityPrediction,13,1092,2.467593
0,1890,3271,0,hasCapacityPrediction,13,1092,3.0031178
0,1891,3272,0,hasCapacityPrediction,13,1092,2.1673036
0,1892,3273,0,hasCapacityPrediction,13,1092,1.9138948
0,1893,3274,0,hasCapacityPrediction,13,1092,2.5917912
0,1894,3275,0,hasCapacityPrediction,13,1092,2.753694
0,1895,3276,0,hasCapacityPrediction,13,1092,3.0419643
0,1896,3277,0,hasCapacityPrediction,13,1092,2.4053898
0,1897,3278,0,hasCapacityPrediction,13,1092,2.4023516
0,1924,3301,0,hasCapacityPrediction,13,1092,0.88404155
0,1932,3309,0,hasCapacityPrediction,13,1092,2.3462949
0,1961,3335,0,hasCapacityPrediction,13,1092,2.6414115
0,1962,3336,0,hasCapacityPrediction,13,1092,2.3000975
0,1992,3363,0,hasCapacityPrediction,13,1092,1.698436
0,1998,3369,0,hasCapacityPrediction,13,1092,2.201577
0,2012,3381,0,hasCapacityPrediction,13,1092,1.9366149
0,2022,3390,0,hasCapacityPrediction,13,1092,1.3387556
0,2023,3391,0,hasCapacityPrediction,13,1092,2.628605
0,2025,3393,0,hasCapacityPrediction,13,1092,2.7907355
0,2026,3394,0,hasCapacityPrediction,13,1092,3.1390214
0,2029,3397,0,hasCapacityPrediction,13,1092,2.4772937
0,2031,3399,0,hasCapacityPrediction,13,1092,1.4294797
0,2034,3400,0,hasCapacityPrediction,13,1092,1.6915891
0,2035,3401,0,hasCapacityPrediction,13,1092,3.1392431
0,2036,3402,0,hasCapacityPrediction,13,1092,1.687774
0,2039,3405,0,hasCapacityPrediction,13,1092,1.9198731
0,2040,3406,0,hasCapacityPrediction,13,1092,2.3209348
0,2048,3413,0,hasCapacityPrediction,13,1092,1.9905008
0,2052,3417,0,hasCapacityPrediction,13,1092,1.9645132
0,2053,3418,0,hasCapacityPrediction,13,1092,2.793641
0,2057,3421,0,hasCapacityPrediction,13,1092,2.1445594
0,2062,3426,0,hasCapacityPrediction,13,1092,2.2755072
0,2067,3430,0,hasCapacityPrediction,13,1092,3.2157187
0,2069,3432,0,hasCapacityPrediction,13,1092,2.439771
0,2071,3434,0,hasCapacityPrediction,13,1092,2.4248524
0,2072,3435,0,hasCapacityPrediction,13,1092,1.7596194
0,2074,3437,0,hasCapacityPrediction,13,1092,2.0547833
0,2076,3439,0,hasCapacityPrediction,13,1092,2.0055425
0,2087,3449,0,hasCapacityPrediction,13,1092,2.7544057
0,2092,3453,0,hasCapacityPrediction,13,1092,2.2093985
0,2093,3454,0,hasCapacityPrediction,13,1092,1.3477212
0,2094,3455,0,hasCapacityPrediction,13,1092,1.9589809
0,2095,3456,0,hasCapacityPrediction,13,1092,2.4791112
0,2096,3457,0,hasCapacityPrediction,13,1092,2.1031444
0,2098,3459,0,hasCapacityPrediction,13,1092,2.449109
0,2100,3460,0,hasCapacityPrediction,13,1092,2.6131494
0,2102,3462,0,hasCapacityPrediction,13,1092,1.7264749
0,2103,3463,0,hasCapacityPrediction,13,1092,3.050057
0,2104,3464,0,hasCapacityPrediction,13,1092,1.7854373
0,2105,3465,0,hasCapacityPrediction,13,1092,1.9423577
0,2106,3466,0,hasCapacityPrediction,13,1092,3.3774045
0,2108,3468,0,hasCapacityPrediction,13,1092,1.560886
0,2117,3476,0,hasCapacityPrediction,13,1092,2.0470972
0,2118,3477,0,hasCapacityPrediction,13,1092,2.095548
0,2122,3480,0,hasCapacityPrediction,13,1092,2.0826383
0,2125,3483,0,hasCapacityPrediction,13,1092,1.5383284
0,2127,3485,0,hasCapacityPrediction,13,1092,1.9112887
0,2129,3487,0,hasCapacityPrediction,13,1092,2.8694549
0,2131,3489,0,hasCapacityPrediction,13,1092,1.5180975
0,2133,3490,0,hasCapacityPrediction,13,1092,1.9968727
0,2134,3491,0,hasCapacityPrediction,13,1092,2.4736161
0,2135,3492,0,hasCapacityPrediction,13,1092,2.5527098
0,2136,3493,0,hasCapacityPrediction,13,1092,2.8205605
0,2137,3494,0,hasCapacityPrediction,13,1092,1.5611105
0,2139,3496,0,hasCapacityPrediction,13,1092,2.2969651
0,2142,3499,0,hasCapacityPrediction,13,1092,1.1565863
0,2145,3500,0,hasCapacityPrediction,13,1092,1.3950489
0,2147,3502,0,hasCapacityPrediction,13,1092,1.4593253
0,2148,3503,0,hasCapacityPrediction,13,1092,1.5560417
0,2150,3505,0,hasCapacityPrediction,13,1092,0.90092975
0,2151,3506,0,hasCapacityPrediction,13,1092,2.8539977
0,2152,3507,0,hasCapacityPrediction,13,1092,2.8781424
0,2153,3508,0,hasCapacityPrediction,13,1092,3.538418
0,2154,3509,0,hasCapacityPrediction,13,1092,1.4452491
0,2156,3510,0,hasCapacityPrediction,13,1092,2.560772
0,2158,3512,0,hasCapacityPrediction,13,1092,2.255509
0,2160,3514,0,hasCapacityPrediction,13,1092,2.1725788
0,2161,3515,0,hasCapacityPrediction,13,1092,2.5925672
0,2162,3516,0,hasCapacityPrediction,13,1092,2.3841736
0,2163,3517,0,hasCapacityPrediction,13,1092,2.06848
0,2164,3518,0,hasCapacityPrediction,13,1092,2.8585417
0,2165,3519,0,hasCapacityPrediction,13,1092,2.4470859
0,2167,3520,0,hasCapacityPrediction,13,1092,0.993713
0,2168,3521,0,hasCapacityPrediction,13,1092,2.294131
0,2171,3524,0,hasCapacityPrediction,13,1092,2.402382
0,2176,3529,0,hasCapacityPrediction,13,1092,2.2218864
0,2200,3550,0,hasCapacityPrediction,13,1092,2.7150297
0,2229,3577,0,hasCapacityPrediction,13,1092,2.7621412
0,2231,3579,0,hasCapacityPrediction,13,1092,2.319478
0,2234,3581,0,hasCapacityPrediction,13,1092,2.1681862
0,2240,3587,0,hasCapacityPrediction,13,1092,2.6846247
0,2244,3590,0,hasCapacityPrediction,13,1092,3.0176392
0,2245,3591,0,hasCapacityPrediction,13,1092,2.578041
0,2248,3594,0,hasCapacityPrediction,13,1092,3.2653265
0,2249,3595,0,hasCapacityPrediction,13,1092,2.9229217
0,2250,3596,0,hasCapacityPrediction,13,1092,2.2865148
0,2258,3602,0,hasCapacityPrediction,13,1092,2.5922563
0,2264,3608,0,hasCapacityPrediction,13,1092,3.2169857
0,2268,3611,0,hasCapacityPrediction,13,1092,3.08425
0,2272,3615,0,hasCapacityPrediction,13,1092,2.5545478
0,2275,3618,0,hasCapacityPrediction,13,1092,2.119901
0,2276,3619,0,hasCapacityPrediction,13,1092,2.6448312
0,2279,3621,0,hasCapacityPrediction,13,1092,2.9419327
0,2280,3622,0,hasCapacityPrediction,13,1092,2.9335518
0,2282,3624,0,hasCapacityPrediction,13,1092,2.3187218
0,2284,3626,0,hasCapacityPrediction,13,1092,3.1658568
0,2292,3633,0,hasCapacityPrediction,13,1092,2.180807
0,2293,3634,0,hasCapacityPrediction,13,1092,2.8503966
0,2294,3635,0,hasCapacityPrediction,13,1092,2.4657867
0,2298,3639,0,hasCapacityPrediction,13,1092,2.1232154
0,2300,3640,0,hasCapacityPrediction,13,1092,3.3131256
0,2301,3641,0,hasCapacityPrediction,13,1092,1.9221545
0,2303,3643,0,hasCapacityPrediction,13,1092,2.9431696
0,2311,3650,0,hasCapacityPrediction,13,1092,3.2962143
0,2313,3652,0,hasCapacityPrediction,13,1092,2.5096722
0,2316,3655,0,hasCapacityPrediction,13,1092,2.2394083
0,2317,3656,0,hasCapacityPrediction,13,1092,2.7409322
0,2318,3657,0,hasCapacityPrediction,13,1092,2.5370622
0,2323,3661,0,hasCapacityPrediction,13,1092,2.4828966
0,2326,3664,0,hasCapacityPrediction,13,1092,2.2628953
0,2327,3665,0,hasCapacityPrediction,13,1092,3.355153
0,2328,3666,0,hasCapacityPrediction,13,1092,2.1875606
0,2329,3667,0,hasCapacityPrediction,13,1092,2.4467895
0,2331,3669,0,hasCapacityPrediction,13,1092,3.4138253
0,2334,3671,0,hasCapacityPrediction,13,1092,2.328048
0,2335,3672,0,hasCapacityPrediction,13,1092,3.8670874
0,2336,3673,0,hasCapacityPrediction,13,1092,1.8168552
0,2338,3675,0,hasCapacityPrediction,13,1092,3.3461819
0,2341,3678,0,hasCapacityPrediction,13,1092,2.7629104
0,2345,3681,0,hasCapacityPrediction,13,1092,2.8224163
0,2346,3682,0,hasCapacityPrediction,13,1092,2.2519941
0,2347,3683,0,hasCapacityPrediction,13,1092,2.6867237
0,2348,3684,0,hasCapacityPrediction,13,1092,3.4003527
0,2349,3685,0,hasCapacityPrediction,13,1092,2.6698356
0,2351,3687,0,hasCapacityPrediction,13,1092,2.1954393
0,2352,3688,0,hasCapacityPrediction,13,1092,2.587308
0,2353,3689,0,hasCapacityPrediction,13,1092,3.0045114
0,2356,3691,0,hasCapacityPrediction,13,1092,2.5868912
0,2360,3695,0,hasCapacityPrediction,13,1092,2.2359962
0,2363,3698,0,hasCapacityPrediction,13,1092,2.876224
0,2364,3699,0,hasCapacityPrediction,13,1092,2.4126012
0,2367,3700,0,hasCapacityPrediction,13,1092,2.5474823
0,2368,3701,0,hasCapacityPrediction,13,1092,2.456727
0,2369,3702,0,hasCapacityPrediction,13,1092,3.324143
0,2370,3703,0,hasCapacityPrediction,13,1092,1.9194566
0,2371,3704,0,hasCapacityPrediction,13,1092,2.4024215
0,2372,3705,0,hasCapacityPrediction,13,1092,3.3795984
0,2373,3706,0,hasCapacityPrediction,13,1092,3.1446283
0,2374,3707,0,hasCapacityPrediction,13,1092,2.9375763
0,2375,3708,0,hasCapacityPrediction,13,1092,3.286104
0,2376,3709,0,hasCapacityPrediction,13,1092,2.4822257
0,2380,3712,0,hasCapacityPrediction,13,1092,2.3793976
0,2381,3713,0,hasCapacityPrediction,13,1092,3.1528473
0,2382,3714,0,hasCapacityPrediction,13,1092,2.905989
0,2383,3715,0,hasCapacityPrediction,13,1092,2.0545912
0,2384,3716,0,hasCapacityPrediction,13,1092,3.8873703
0,2385,3717,0,hasCapacityPrediction,13,1092,2.8001702
0,2386,3718,0,hasCapacityPrediction,13,1092,2.2234242
0,2387,3719,0,hasCapacityPrediction,13,1092,2.6362662
0,2389,3720,0,hasCapacityPrediction,13,1092,3.0030162
0,2391,3722,0,hasCapacityPrediction,13,1092,2.4051251
0,2392,3723,0,hasCapacityPrediction,13,1092,2.6979778
0,2393,3724,0,hasCapacityPrediction,13,1092,2.6249616
0,2394,3725,0,hasCapacityPrediction,13,1092,2.2858007
0,2395,3726,0,hasCapacityPrediction,13,1092,3.1927795
0,2396,3727,0,hasCapacityPrediction,13,1092,2.740576
0,2459,3784,0,hasCapacityPrediction,13,1092,1.9923292
0,2508,3828,0,hasCapacityPrediction,13,1092,2.8443096
0,2519,3838,0,hasCapacityPrediction,13,1092,3.3827035
0,2531,3849,0,hasCapacityPrediction,13,1092,3.484552
0,2545,3861,0,hasCapacityPrediction,13,1092,2.1276608
0,2547,3863,0,hasCapacityPrediction,13,1092,2.8716686
0,2560,3875,0,hasCapacityPrediction,13,1092,3.3393831
0,2566,3880,0,hasCapacityPrediction,13,1092,3.081511
0,2579,3892,0,hasCapacityPrediction,13,1092,3.0821614
0,2582,3895,0,hasCapacityPrediction,13,1092,2.9733543
0,2584,3897,0,hasCapacityPrediction,13,1092,3.013389
0,2595,3906,0,hasCapacityPrediction,13,1092,2.5107265
0,2596,3907,0,hasCapacityPrediction,13,1092,2.0308077
0,2598,3909,0,hasCapacityPrediction,13,1092,2.6064184
0,2613,3922,0,hasCapacityPrediction,13,1092,2.49026
0,2615,3924,0,hasCapacityPrediction,13,1092,2.535067
0,2616,3925,0,hasCapacityPrediction,13,1092,2.3440843
0,2619,3928,0,hasCapacityPrediction,13,1092,1.7321097
0,2620,3929,0,hasCapacityPrediction,13,1092,2.5014415
0,2629,3937,0,hasCapacityPrediction,13,1092,2.7120047
0,2716,4014,0,hasCapacityPrediction,13,1092,3.1328094
0,2740,4036,0,hasCapacityPrediction,13,1092,2.146663
0,2764,4058,0,hasCapacityPrediction,13,1092,2.8134134
0,2784,4076,0,hasCapacityPrediction,13,1092,2.1690066
0,2789,4080,0,hasCapacityPrediction,13,1092,2.1976132
0,2792,4083,0,hasCapacityPrediction,13,1092,2.4138029
0,2795,4086,0,hasCapacityPrediction,13,1092,2.434293
0,2854,4139,0,hasCapacityPrediction,13,1092,2.03092
0,2856,4140,0,hasCapacityPrediction,13,1092,2.9257703
0,2863,4147,0,hasCapacityPrediction,13,1092,3.4278393
0,2867,4150,0,hasCapacityPrediction,13,1092,3.0962229
0,2868,4151,0,hasCapacityPrediction,13,1092,1.2793928
0,2871,4154,0,hasCapacityPrediction,13,1092,2.5996904
0,2874,4157,0,hasCapacityPrediction,13,1092,2.3952992
0,2882,4164,0,hasCapacityPrediction,13,1092,2.5703926
0,2885,4167,0,hasCapacityPrediction,13,1092,2.9949472
0,2894,4175,0,hasCapacityPrediction,13,1092,3.2128081
0,2903,4183,0,hasCapacityPrediction,13,1092,2.6466024
0,2906,4186,0,hasCapacityPrediction,13,1092,3.0138361
0,2916,4195,0,hasCapacityPrediction,13,1092,2.442842
0,2929,4206,0,hasCapacityPrediction,13,1092,2.184645
0,2939,4215,0,hasCapacityPrediction,13,1092,3.0373757
0,2942,4218,0,hasCapacityPrediction,13,1092,2.078792
0,2946,4221,0,hasCapacityPrediction,13,1092,3.218568
0,2961,4235,0,hasCapacityPrediction,13,1092,3.1813157
0,2970,4243,0,hasCapacityPrediction,13,1092,2.3733342
0,2974,4247,0,hasCapacityPrediction,13,1092,2.8205388
0,2975,4248,0,hasCapacityPrediction,13,1092,2.5011244
0,2981,4253,0,hasCapacityPrediction,13,1092,2.715868
0,2984,4256,0,hasCapacityPrediction,13,1092,3.0287356
0,2987,4259,0,hasCapacityPrediction,13,1092,2.0707667
0,2989,4260,0,hasCapacityPrediction,13,1092,2.3206983
0,2993,4264,0,hasCapacityPrediction,13,1092,2.9643636
0,2995,4266,0,hasCapacityPrediction,13,1092,2.518092
0,2996,4267,0,hasCapacityPrediction,13,1092,2.5600054
0,2998,4269,0,hasCapacityPrediction,13,1092,3.0915427
0,3001,4271,0,hasCapacityPrediction,13,1092,2.6000245
0,3003,4273,0,hasCapacityPrediction,13,1092,1.6999142
0,3005,4275,0,hasCapacityPrediction,13,1092,2.5747614
0,3009,4279,0,hasCapacityPrediction,13,1092,2.0290775
0,3011,4280,0,hasCapacityPrediction,13,1092,1.9727436
0,3012,4281,0,hasCapacityPrediction,13,1092,2.5432718
0,3013,4282,0,hasCapacityPrediction,13,1092,3.6583261
0,3014,4283,0,hasCapacityPrediction,13,1092,2.6293514
0,3060,4324,0,hasCapacityPrediction,13,1092,3.3936107
0,3105,4365,0,hasCapacityPrediction,13,1092,3.1933262
0,3145,4400,0,hasCapacityPrediction,13,1092,3.1422946
0,3156,4410,0,hasCapacityPrediction,13,1092,2.9628758
0,3193,4444,0,hasCapacityPrediction,13,1092,2.3059943
0,3202,4452,0,hasCapacityPrediction,13,1092,1.9818234
0,3258,4502,0,hasCapacityPrediction,13,1092,4.0794516
0,3279,4521,0,hasCapacityPrediction,13,1092,2.7753675
0,3318,4557,0,hasCapacityPrediction,13,1092,2.84556
0,3319,4558,0,hasCapacityPrediction,13,1092,2.600308
0,3327,4565,0,hasCapacityPrediction,13,1092,1.3356044
0,3350,4586,0,hasCapacityPrediction,13,1092,2.1116226
0,3358,4593,0,hasCapacityPrediction,13,1092,2.7048
0,3370,4603,0,hasCapacityPrediction,13,1092,3.3106697
0,3384,4616,0,hasCapacityPrediction,13,1092,2.5202432
0,3389,4620,0,hasCapacityPrediction,13,1092,2.966867
0,3392,4623,0,hasCapacityPrediction,13,1092,2.684956
0,3394,4625,0,hasCapacityPrediction,13,1092,2.5625
0,3405,4635,0,hasCapacityPrediction,13,1092,2.7432802
0,3411,4640,0,hasCapacityPrediction,13,1092,2.0063128
0,3414,4643,0,hasCapacityPrediction,13,1092,2.884859
0,3423,4651,0,hasCapacityPrediction,13,1092,2.7222836
0,3433,4660,0,hasCapacityPrediction,13,1092,2.1695094
0,3435,4662,0,hasCapacityPrediction,13,1092,3.1311274
0,3437,4664,0,hasCapacityPrediction,13,1092,3.1933613
0,3438,4665,0,hasCapacityPrediction,13,1092,2.287257
0,3439,4666,0,hasCapacityPrediction,13,1092,2.0693085
0,3440,4667,0,hasCapacityPrediction,13,1092,2.7948372
0,3446,4672,0,hasCapacityPrediction,13,1092,1.8297423
0,3448,4674,0,hasCapacityPrediction,13,1092,2.771103
0,3450,4676,0,hasCapacityPrediction,13,1092,1.9218398
0,3455,4680,0,hasCapacityPrediction,13,1092,3.3351607
0,3460,4685,0,hasCapacityPrediction,13,1092,2.6040158
0,3461,4686,0,hasCapacityPrediction,13,1092,2.154239
0,3462,4687,0,hasCapacityPrediction,13,1092,2.4201064
0,3464,4689,0,hasCapacityPrediction,13,1092,3.1663327
0,3466,4690,0,hasCapacityPrediction,13,1092,2.26445
0,3470,4694,0,hasCapacityPrediction,13,1092,3.1454453
0,3471,4695,0,hasCapacityPrediction,13,1092,3.6156561
0,3472,4696,0,hasCapacityPrediction,13,1092,1.7370971
0,3473,4697,0,hasCapacityPrediction,13,1092,2.8330748
0,3474,4698,0,hasCapacityPrediction,13,1092,3.3127666
0,3481,4703,0,hasCapacityPrediction,13,1092,2.6583083
0,3482,4704,0,hasCapacityPrediction,13,1092,2.5372438
0,3484,4706,0,hasCapacityPrediction,13,1092,2.3748646
0,3485,4707,0,hasCapacityPrediction,13,1092,2.6231577
0,3486,4708,0,hasCapacityPrediction,13,1092,2.4844754
0,3489,4710,0,hasCapacityPrediction,13,1092,2.7649035
0,3491,4712,0,hasCapacityPrediction,13,1092,3.4128134
0,3493,4714,0,hasCapacityPrediction,13,1092,2.155203
0,3494,4715,0,hasCapacityPrediction,13,1092,2.6621559
0,3496,4717,0,hasCapacityPrediction,13,1092,2.6102583
0,3497,4718,0,hasCapacityPrediction,13,1092,1.6951673
0,3500,4720,0,hasCapacityPrediction,13,1092,2.6355448
0,3501,4721,0,hasCapacityPrediction,13,1092,2.4919565
0,3502,4722,0,hasCapacityPrediction,13,1092,3.24245
0,3505,4725,0,hasCapacityPrediction,13,1092,2.260374
0,3506,4726,0,hasCapacityPrediction,13,1092,2.5325084
0,3507,4727,0,hasCapacityPrediction,13,1092,2.653295
0,3509,4729,0,hasCapacityPrediction,13,1092,1.5583602
0,3511,4730,0,hasCapacityPrediction,13,1092,3.3891823
0,3512,4731,0,hasCapacityPrediction,13,1092,2.7392685
0,3513,4732,0,hasCapacityPrediction,13,1092,2.5753179
0,3514,4733,0,hasCapacityPrediction,13,1092,3.272817
0,3516,4735,0,hasCapacityPrediction,13,1092,3.0838654
0,3517,4736,0,hasCapacityPrediction,13,1092,3.057241
0,3518,4737,0,hasCapacityPrediction,13,1092,2.546525
0,3519,4738,0,hasCapacityPrediction,13,1092,2.8384738
0,3555,4770,0,hasCapacityPrediction,13,1092,2.415086
0,3566,4780,0,hasCapacityPrediction,13,1092,2.1615841
0,3607,4817,0,hasCapacityPrediction,13,1092,2.7233553
0,3609,4819,0,hasCapacityPrediction,13,1092,2.8857532
0,3613,4822,0,hasCapacityPrediction,13,1092,2.384422
0,3616,4825,0,hasCapacityPrediction,13,1092,2.5528994
0,3619,4828,0,hasCapacityPrediction,13,1092,2.9987288
0,3623,4831,0,hasCapacityPrediction,13,1092,2.706626
0,3626,4834,0,hasCapacityPrediction,13,1092,2.3176212
0,3629,4837,0,hasCapacityPrediction,13,1092,1.6059077
0,3637,4844,0,hasCapacityPrediction,13,1092,2.6075702
0,3640,4847,0,hasCapacityPrediction,13,1092,3.8889432
0,3641,4848,0,hasCapacityPrediction,13,1092,1.9135625
0,3651,4857,0,hasCapacityPrediction,13,1092,2.6067574
0,3653,4859,0,hasCapacityPrediction,13,1092,2.6078854
0,3662,4867,0,hasCapacityPrediction,13,1092,2.6307006
0,3668,4872,0,hasCapacityPrediction,13,1092,2.9281487
0,3672,4876,0,hasCapacityPrediction,13,1092,2.6960506
0,3675,4879,0,hasCapacityPrediction,13,1092,2.775007
0,3678,4881,0,hasCapacityPrediction,13,1092,2.6241522
0,3680,4883,0,hasCapacityPrediction,13,1092,3.2521217
0,3684,4887,0,hasCapacityPrediction,13,1092,2.3118114
0,3685,4888,0,hasCapacityPrediction,13,1092,2.6593282
0,3690,4892,0,hasCapacityPrediction,13,1092,2.7169094
0,3696,4898,0,hasCapacityPrediction,13,1092,1.9829279
0,3700,4900,0,hasCapacityPrediction,13,1092,2.9780703
0,3701,4901,0,hasCapacityPrediction,13,1092,3.476966
0,3704,4904,0,hasCapacityPrediction,13,1092,3.0694733
0,3708,4908,0,hasCapacityPrediction,13,1092,3.0067601
0,3720,4919,0,hasCapacityPrediction,13,1092,2.8923519
0,3722,4920,0,hasCapacityPrediction,13,1092,2.6865418
0,3727,4925,0,hasCapacityPrediction,13,1092,2.2176964
0,3729,4927,0,hasCapacityPrediction,13,1092,2.7840557
0,3733,4930,0,hasCapacityPrediction,13,1092,3.2253425
0,3734,4931,0,hasCapacityPrediction,13,1092,3.374142
0,3735,4932,0,hasCapacityPrediction,13,1092,2.7971318
0,3736,4933,0,hasCapacityPrediction,13,1092,3.1562629
0,3737,4934,0,hasCapacityPrediction,13,1092,1.9830416
0,3739,4936,0,hasCapacityPrediction,13,1092,2.452996
0,3740,4937,0,hasCapacityPrediction,13,1092,2.9901178
0,3741,4938,0,hasCapacityPrediction,13,1092,3.2269
0,3744,4940,0,hasCapacityPrediction,13,1092,2.669117
0,3745,4941,0,hasCapacityPrediction,13,1092,1.8752521
0,3746,4942,0,hasCapacityPrediction,13,1092,2.0986984
0,3747,4943,0,hasCapacityPrediction,13,1092,2.7241602
0,3748,4944,0,hasCapacityPrediction,13,1092,2.9549627
0,3751,4947,0,hasCapacityPrediction,13,1092,1.7069247
0,3752,4948,0,hasCapacityPrediction,13,1092,2.9641218
0,3753,4949,0,hasCapacityPrediction,13,1092,3.1851583
0,3755,4950,0,hasCapacityPrediction,13,1092,3.238768
0,3756,4951,0,hasCapacityPrediction,13,1092,2.6980243
0,3758,4953,0,hasCapacityPrediction,13,1092,2.6523428
0,3760,4955,0,hasCapacityPrediction,13,1092,1.906765
0,3762,4957,0,hasCapacityPrediction,13,1092,3.0636156
0,3763,4958,0,hasCapacityPrediction,13,1092,2.8437264
0,3766,4960,0,hasCapacityPrediction,13,1092,2.7646985
0,3767,4961,0,hasCapacityPrediction,13,1092,2.939578
0,3770,4964,0,hasCapacityPrediction,13,1092,3.329186
0,3771,4965,0,hasCapacityPrediction,13,1092,2.2495856
0,3772,4966,0,hasCapacityPrediction,13,1092,2.8164525
0,3774,4968,0,hasCapacityPrediction,13,1092,2.47787
0,3777,4970,0,hasCapacityPrediction,13,1092,2.352887
0,3778,4971,0,hasCapacityPrediction,13,1092,1.935962
0,3780,4973,0,hasCapacityPrediction,13,1092,2.6925232
0,3781,4974,0,hasCapacityPrediction,13,1092,2.6319141
0,3782,4975,0,hasCapacityPrediction,13,1092,3.0267506
0,3784,4977,0,hasCapacityPrediction,13,1092,2.5429823
0,3785,4978,0,hasCapacityPrediction,13,1092,3.2257624
0,3786,4979,0,hasCapacityPrediction,13,1092,2.6931326
0,3788,4980,0,hasCapacityPrediction,13,1092,2.8300946
0,3789,4981,0,hasCapacityPrediction,13,1092,3.3302748
0,3801,4992,0,hasCapacityPrediction,13,1092,2.5416222
0,3826,5013,0,hasCapacityPrediction,13,1092,3.296482
0,3863,5047,0,hasCapacityPrediction,13,1092,3.0424511
0,3870,5053,0,hasCapacityPrediction,13,1092,2.8821073
0,3871,5054,0,hasCapacityPrediction,13,1092,2.5375113
0,3880,5062,0,hasCapacityPrediction,13,1092,3.0928648
0,3935,5111,0,hasCapacityPrediction,13,1092,2.6114025
0,3938,5114,0,hasCapacityPrediction,13,1092,2.855251
0,3942,5118,0,hasCapacityPrediction,13,1092,2.712967
0,3947,5122,0,hasCapacityPrediction,13,1092,2.6148372
0,3963,5137,0,hasCapacityPrediction,13,1092,3.3397543
0,3969,5142,0,hasCapacityPrediction,13,1092,2.5243263
0,3970,5143,0,hasCapacityPrediction,13,1092,3.0025249
0,4003,5173,0,hasCapacityPrediction,13,1092,2.8360848
0,4005,5175,0,hasCapacityPrediction,13,1092,1.3080577
0,4014,5183,0,hasCapacityPrediction,13,1092,1.502034
0,4015,5184,0,hasCapacityPrediction,13,1092,2.7287178
0,4016,5185,0,hasCapacityPrediction,13,1092,2.6781845
0,4017,5186,0,hasCapacityPrediction,13,1092,2.300798
0,4028,5196,0,hasCapacityPrediction,13,1092,1.7489476
0,4038,5204,0,hasCapacityPrediction,13,1092,1.8173138
0,4039,5205,0,hasCapacityPrediction,13,1092,3.6584258
0,4047,5212,0,hasCapacityPrediction,13,1092,2.7071455
0,4061,5225,0,hasCapacityPrediction,13,1092,2.305619
0,4064,5228,0,hasCapacityPrediction,13,1092,2.430574
0,4068,5231,0,hasCapacityPrediction,13,1092,2.135527
0,4070,5233,0,hasCapacityPrediction,13,1092,2.2069974
0,4071,5234,0,hasCapacityPrediction,13,1092,2.331117
0,4072,5235,0,hasCapacityPrediction,13,1092,3.420413
0,4076,5239,0,hasCapacityPrediction,13,1092,2.2088807
0,4080,5242,0,hasCapacityPrediction,13,1092,1.3707935
0,4081,5243,0,hasCapacityPrediction,13,1092,1.3724312
0,4086,5248,0,hasCapacityPrediction,13,1092,2.5569103
0,4087,5249,0,hasCapacityPrediction,13,1092,2.70548
0,4096,5257,0,hasCapacityPrediction,13,1092,1.7310034
0,4097,5258,0,hasCapacityPrediction,13,1092,2.8083017
0,4098,5259,0,hasCapacityPrediction,13,1092,2.7073083
0,4103,5263,0,hasCapacityPrediction,13,1092,1.1477393
0,4108,5268,0,hasCapacityPrediction,13,1092,2.1304982
0,4113,5272,0,hasCapacityPrediction,13,1092,2.3455715
0,4114,5273,0,hasCapacityPrediction,13,1092,2.6704774
0,4123,5281,0,hasCapacityPrediction,13,1092,2.176222
0,4124,5282,0,hasCapacityPrediction,13,1092,1.8724385
0,4126,5284,0,hasCapacityPrediction,13,1092,2.4906375
0,4129,5287,0,hasCapacityPrediction,13,1092,2.129065
0,4137,5294,0,hasCapacityPrediction,13,1092,2.8165326
0,4139,5296,0,hasCapacityPrediction,13,1092,2.9750218
0,4140,5297,0,hasCapacityPrediction,13,1092,2.7223125
0,4141,5298,0,hasCapacityPrediction,13,1092,2.5438986
0,4147,5302,0,hasCapacityPrediction,13,1092,3.1489809
0,4148,5303,0,hasCapacityPrediction,13,1092,3.2907498
0,4153,5308,0,hasCapacityPrediction,13,1092,3.2310417
0,4154,5309,0,hasCapacityPrediction,13,1092,3.5524607
0,4157,5311,0,hasCapacityPrediction,13,1092,3.3280244
0,4159,5313,0,hasCapacityPrediction,13,1092,2.4939377
0,4161,5315,0,hasCapacityPrediction,13,1092,2.6179295
0,4163,5317,0,hasCapacityPrediction,13,1092,2.8876395
0,4164,5318,0,hasCapacityPrediction,13,1092,1.8387498
0,4165,5319,0,hasCapacityPrediction,13,1092,2.7964094
0,4167,5320,0,hasCapacityPrediction,13,1092,2.9572194
0,4168,5321,0,hasCapacityPrediction,13,1092,2.6931734
0,4170,5323,0,hasCapacityPrediction,13,1092,2.7065482
0,4171,5324,0,hasCapacityPrediction,13,1092,2.058955
0,4173,5326,0,hasCapacityPrediction,13,1092,2.5950863
0,4180,5332,0,hasCapacityPrediction,13,1092,1.9028051
0,4181,5333,0,hasCapacityPrediction,13,1092,2.9874637
0,4192,5343,0,hasCapacityPrediction,13,1092,2.0463362
0,4212,5361,0,hasCapacityPrediction,13,1092,3.1651309
0,4222,5370,0,hasCapacityPrediction,13,1092,2.416058
0,4225,5373,0,hasCapacityPrediction,13,1092,2.2042115
0,4257,5401,0,hasCapacityPrediction,13,1092,1.6273289
0,4271,5414,0,hasCapacityPrediction,13,1092,2.098256
0,4273,5416,0,hasCapacityPrediction,13,1092,1.547047
0,4294,5435,0,hasCapacityPrediction,13,1092,3.2122958
0,4297,5438,0,hasCapacityPrediction,13,1092,1.5664024
0,4303,5443,0,hasCapacityPrediction,13,1092,2.9732316
0,4304,5444,0,hasCapacityPrediction,13,1092,1.4342526
0,4306,5446,0,hasCapacityPrediction,13,1092,2.4231408
0,4307,5447,0,hasCapacityPrediction,13,1092,2.329016
0,4326,5464,0,hasCapacityPrediction,13,1092,2.9897916
0,4327,5465,0,hasCapacityPrediction,13,1092,2.5288723
0,4328,5466,0,hasCapacityPrediction,13,1092,2.8378334
0,4334,5471,0,hasCapacityPrediction,13,1092,1.9725621
0,4346,5482,0,hasCapacityPrediction,13,1092,1.5845481
0,4347,5483,0,hasCapacityPrediction,13,1092,3.0904646
0,4357,5492,0,hasCapacityPrediction,13,1092,2.118864
0,4363,5498,0,hasCapacityPrediction,13,1092,3.0908194
0,4368,5501,0,hasCapacityPrediction,13,1092,2.6826339
0,4371,5504,0,hasCapacityPrediction,13,1092,2.3461926
0,4372,5505,0,hasCapacityPrediction,13,1092,2.7257073
0,4374,5507,0,hasCapacityPrediction,13,1092,2.1897235
0,4378,5510,0,hasCapacityPrediction,13,1092,2.5097206
0,4379,5511,0,hasCapacityPrediction,13,1092,2.8934362
0,4383,5515,0,hasCapacityPrediction,13,1092,2.1631234
0,4384,5516,0,hasCapacityPrediction,13,1092,2.147086
0,4386,5518,0,hasCapacityPrediction,13,1092,1.4499161
0,4390,5521,0,hasCapacityPrediction,13,1092,2.3245058
0,4391,5522,0,hasCapacityPrediction,13,1092,2.598202
0,4392,5523,0,hasCapacityPrediction,13,1092,2.202132
0,4393,5524,0,hasCapacityPrediction,13,1092,1.1372161
0,4395,5526,0,hasCapacityPrediction,13,1092,0.9784251
0,4398,5529,0,hasCapacityPrediction,13,1092,1.796947
0,4400,5530,0,hasCapacityPrediction,13,1092,3.2887435
0,4401,5531,0,hasCapacityPrediction,13,1092,1.7697622
0,4402,5532,0,hasCapacityPrediction,13,1092,2.2155416
0,4403,5533,0,hasCapacityPrediction,13,1092,3.24834
0,4404,5534,0,hasCapacityPrediction,13,1092,2.089389
0,4405,5535,0,hasCapacityPrediction,13,1092,2.5014024
0,4406,5536,0,hasCapacityPrediction,13,1092,3.0456276
0,4407,5537,0,hasCapacityPrediction,13,1092,2.6152096
0,4408,5538,0,hasCapacityPrediction,13,1092,2.1481535
0,4409,5539,0,hasCapacityPrediction,13,1092,1.8398018
0,4412,5541,0,hasCapacityPrediction,13,1092,2.7762556
0,4413,5542,0,hasCapacityPrediction,13,1092,1.4843715
0,4414,5543,0,hasCapacityPrediction,13,1092,1.5914625
0,4415,5544,0,hasCapacityPrediction,13,1092,2.561655
0,4416,5545,0,hasCapacityPrediction,13,1092,1.3306478
0,4417,5546,0,hasCapacityPrediction,13,1092,0.78120357
0,4449,5577,0,hasCapacityPrediction,13,1092,3.0634747
0,4469,5597,0,hasCapacityPrediction,13,1092,1.9269041
0,4496,5623,0,hasCapacityPrediction,13,1092,2.245993
0,4497,5624,0,hasCapacityPrediction,13,1092,2.0110407
0,4511,5638,0,hasCapacityPrediction,13,1092,2.3048244
0,4519,5646,0,hasCapacityPrediction,13,1092,3.165196
0,4521,5648,0,hasCapacityPrediction,13,1092,2.2882943
0,4522,5649,0,hasCapacityPrediction,13,1092,2.611806
0,4525,5652,0,hasCapacityPrediction,13,1092,3.2846053
0,4528,5655,0,hasCapacityPrediction,13,1092,2.0805173
0,4531,5658,0,hasCapacityPrediction,13,1092,2.84805
0,4533,5660,0,hasCapacityPrediction,13,1092,2.8240693
0,4539,5666,0,hasCapacityPrediction,13,1092,3.1078413
0,4540,5667,0,hasCapacityPrediction,13,1092,3.2266998
0,4542,5669,0,hasCapacityPrediction,13,1092,2.81647
0,4546,5673,0,hasCapacityPrediction,13,1092,3.0604439
0,4549,5676,0,hasCapacityPrediction,13,1092,3.016588
0,4551,5678,0,hasCapacityPrediction,13,1092,2.95638
0,4553,5680,0,hasCapacityPrediction,13,1092,2.658785
0,4555,5682,0,hasCapacityPrediction,13,1092,2.8860526
0,4556,5683,0,hasCapacityPrediction,13,1092,2.6974893
0,4560,5687,0,hasCapacityPrediction,13,1092,3.2020624
0,4563,5690,0,hasCapacityPrediction,13,1092,3.142363
0,4565,5692,0,hasCapacityPrediction,13,1092,3.309089
0,4568,5695,0,hasCapacityPrediction,13,1092,2.7052593
0,4569,5696,0,hasCapacityPrediction,13,1092,2.6232827
0,4571,5698,0,hasCapacityPrediction,13,1092,2.4453595
0,4572,5699,0,hasCapacityPrediction,13,1092,2.9637933
0,4577,5703,0,hasCapacityPrediction,13,1092,3.0980225
0,4579,5705,0,hasCapacityPrediction,13,1092,2.5302756
0,4581,5707,0,hasCapacityPrediction,13,1092,2.856896
0,4583,5709,0,hasCapacityPrediction,13,1092,2.345179
0,4584,5710,0,hasCapacityPrediction,13,1092,2.6441393
0,4586,5712,0,hasCapacityPrediction,13,1092,2.609385
0,4588,5714,0,hasCapacityPrediction,13,1092,2.6693263
0,4590,5716,0,hasCapacityPrediction,13,1092,3.011215
0,4593,5719,0,hasCapacityPrediction,13,1092,1.8192234
0,4598,5724,0,hasCapacityPrediction,13,1092,2.8850605
0,4604,5730,0,hasCapacityPrediction,13,1092,3.069535
0,4605,5731,0,hasCapacityPrediction,13,1092,2.8177106
0,4607,5733,0,hasCapacityPrediction,13,1092,2.6645503
0,4609,5735,0,hasCapacityPrediction,13,1092,2.1828206
0,4611,5737,0,hasCapacityPrediction,13,1092,1.9543858
0,4613,5739,0,hasCapacityPrediction,13,1092,3.4155362
0,4614,5740,0,hasCapacityPrediction,13,1092,3.1604052
0,4615,5741,0,hasCapacityPrediction,13,1092,2.5291247
0,4626,5752,0,hasCapacityPrediction,13,1092,2.514236
0,4627,5753,0,hasCapacityPrediction,13,1092,2.1413302
0,4630,5756,0,hasCapacityPrediction,13,1092,3.1426265
0,4636,5762,0,hasCapacityPrediction,13,1092,2.5457537
0,4637,5763,0,hasCapacityPrediction,13,1092,2.5894623
0,4639,5765,0,hasCapacityPrediction,13,1092,2.7527118
0,4640,5766,0,hasCapacityPrediction,13,1092,3.1567953
0,4642,5768,0,hasCapacityPrediction,13,1092,3.4754891
0,4643,5769,0,hasCapacityPrediction,13,1092,2.4723399
0,4645,5771,0,hasCapacityPrediction,13,1092,1.9399165
0,4646,5772,0,hasCapacityPrediction,13,1092,3.0860305
0,4649,5775,0,hasCapacityPrediction,13,1092,3.0151644
0,4650,5776,0,hasCapacityPrediction,13,1092,2.1297781
0,4652,5778,0,hasCapacityPrediction,13,1092,1.8634055
0,4654,5780,0,hasCapacityPrediction,13,1092,2.790198
0,4655,5781,0,hasCapacityPrediction,13,1092,2.2062407
0,4657,5783,0,hasCapacityPrediction,13,1092,3.6858675
0,4658,5784,0,hasCapacityPrediction,13,1092,2.2927177
0,4660,5786,0,hasCapacityPrediction,13,1092,2.9155433
0,4661,5787,0,hasCapacityPrediction,13,1092,2.796037
0,4662,5788,0,hasCapacityPrediction,13,1092,2.8639877
0,4666,5792,0,hasCapacityPrediction,13,1092,2.1687765
0,4667,5793,0,hasCapacityPrediction,13,1092,3.3463101
0,4669,5795,0,hasCapacityPrediction,13,1092,3.0362108
0,4672,5798,0,hasCapacityPrediction,13,1092,3.075783
0,4673,5799,0,hasCapacityPrediction,13,1092,1.525668
0,4675,5800,0,hasCapacityPrediction,13,1092,3.0440745
0,4677,5802,0,hasCapacityPrediction,13,1092,2.4529324
0,4678,5803,0,hasCapacityPrediction,13,1092,2.5596933
0,4679,5804,0,hasCapacityPrediction,13,1092,2.588146
0,4680,5805,0,hasCapacityPrediction,13,1092,2.824495
0,4683,5808,0,hasCapacityPrediction,13,1092,3.9861326
0,4684,5809,0,hasCapacityPrediction,13,1092,3.3794324
0,4685,5810,0,hasCapacityPrediction,13,1092,3.6600676
0,4700,5825,0,hasCapacityPrediction,13,1092,2.6581972
0,4758,5883,0,hasCapacityPrediction,13,1092,2.3335874
0,4765,5890,0,hasCapacityPrediction,13,1092,2.2349975
0,4784,5908,0,hasCapacityPrediction,13,1092,2.4075937
0,4803,5927,0,hasCapacityPrediction,13,1092,2.4975932
0,4847,5971,0,hasCapacityPrediction,13,1092,2.766272
0,4857,5981,0,hasCapacityPrediction,13,1092,2.95466
0,4858,5982,0,hasCapacityPrediction,13,1092,2.3459601
0,4883,6005,0,hasCapacityPrediction,13,1092,2.5230482
0,4916,6038,0,hasCapacityPrediction,13,1092,2.7656603
0,4941,6063,0,hasCapacityPrediction,13,1092,2.5698256
0,4948,6070,0,hasCapacityPrediction,13,1092,1.8922186
0,4951,6073,0,hasCapacityPrediction,13,1092,2.7320833
0,4952,6074,0,hasCapacityPrediction,13,1092,2.3768234
0,4955,6077,0,hasCapacityPrediction,13,1092,2.6985583
0,4974,6096,0,hasCapacityPrediction,13,1092,2.9868038
0,4984,6105,0,hasCapacityPrediction,13,1092,2.7637498
0,4985,6106,0,hasCapacityPrediction,13,1092,2.224414
0,4990,6111,0,hasCapacityPrediction,13,1092,2.7491019
0,4992,6113,0,hasCapacityPrediction,13,1092,3.3366446
0,4999,6120,0,hasCapacityPrediction,13,1092,2.0656397
0,5010,6131,0,hasCapacityPrediction,13,1092,2.9026184
0,5018,6139,0,hasCapacityPrediction,13,1092,2.05992
0,5022,6143,0,hasCapacityPrediction,13,1092,2.6129582
0,5025,6146,0,hasCapacityPrediction,13,1092,2.4934664
0,5030,6151,0,hasCapacityPrediction,13,1092,2.0524757
0,5031,6152,0,hasCapacityPrediction,13,1092,2.9314938
0,5037,6158,0,hasCapacityPrediction,13,1092,2.6173737
0,5038,6159,0,hasCapacityPrediction,13,1092,3.14367
0,5039,6160,0,hasCapacityPrediction,13,1092,2.9068153
0,5043,6164,0,hasCapacityPrediction,13,1092,1.8222623
0,5054,6175,0,hasCapacityPrediction,13,1092,3.0699697
0,5057,6178,0,hasCapacityPrediction,13,1092,2.6247923
0,5060,6181,0,hasCapacityPrediction,13,1092,2.7110205
0,5062,6183,0,hasCapacityPrediction,13,1092,1.4237391
0,5066,6187,0,hasCapacityPrediction,13,1092,2.9830556
0,5069,6190,0,hasCapacityPrediction,13,1092,2.9741306
0,5080,6200,0,hasCapacityPrediction,13,1092,2.6845138
0,5085,6205,0,hasCapacityPrediction,13,1092,2.1270978
0,5088,6208,0,hasCapacityPrediction,13,1092,3.1149716
0,5092,6212,0,hasCapacityPrediction,13,1092,2.2209742
0,5098,6218,0,hasCapacityPrediction,13,1092,2.234223
0,5099,6219,0,hasCapacityPrediction,13,1092,2.4171622
0,5101,6221,0,hasCapacityPrediction,13,1092,2.711473
0,5102,6222,0,hasCapacityPrediction,13,1092,2.9009395
0,5109,6229,0,hasCapacityPrediction,13,1092,2.6907864
0,5110,6230,0,hasCapacityPrediction,13,1092,2.2260504
0,5118,6238,0,hasCapacityPrediction,13,1092,3.018652
0,5119,6239,0,hasCapacityPrediction,13,1092,2.4028697
0,5123,6243,0,hasCapacityPrediction,13,1092,2.3651078
0,5124,6244,0,hasCapacityPrediction,13,1092,2.4736936
0,5125,6245,0,hasCapacityPrediction,13,1092,2.516957
0,5126,6246,0,hasCapacityPrediction,13,1092,2.240013
0,5130,6250,0,hasCapacityPrediction,13,1092,2.7106478
0,5131,6251,0,hasCapacityPrediction,13,1092,2.8214247
0,5132,6252,0,hasCapacityPrediction,13,1092,2.3963902
0,5133,6253,0,hasCapacityPrediction,13,1092,2.7035117
0,5134,6254,0,hasCapacityPrediction,13,1092,2.3787572
0,5135,6255,0,hasCapacityPrediction,13,1092,3.1175942
0,5140,6260,0,hasCapacityPrediction,13,1092,2.4530704
0,5142,6262,0,hasCapacityPrediction,13,1092,2.7311797
0,5144,6264,0,hasCapacityPrediction,13,1092,2.3760011
0,5145,6265,0,hasCapacityPrediction,13,1092,2.342908
0,5146,6266,0,hasCapacityPrediction,13,1092,3.0965817
0,5148,6268,0,hasCapacityPrediction,13,1092,2.157105
0,5149,6269,0,hasCapacityPrediction,13,1092,1.9081707
0,5150,6270,0,hasCapacityPrediction,13,1092,3.0364933
0,5151,6271,0,hasCapacityPrediction,13,1092,3.0858774
0,5152,6272,0,hasCapacityPrediction,13,1092,2.4240959
0,5153,6273,0,hasCapacityPrediction,13,1092,3.193619
0,5155,6275,0,hasCapacityPrediction,13,1092,2.9339857
0,5156,6276,0,hasCapacityPrediction,13,1092,2.910234
0,5157,6277,0,hasCapacityPrediction,13,1092,2.5593164
0,5158,6278,0,hasCapacityPrediction,13,1092,2.5174134
0,5159,6279,0,hasCapacityPrediction,13,1092,2.6762729
0,5161,6281,0,hasCapacityPrediction,13,1092,2.408004
0,5163,6283,0,hasCapacityPrediction,13,1092,3.0920603
0,5165,6285,0,hasCapacityPrediction,13,1092,2.476543
0,5166,6286,0,hasCapacityPrediction,13,1092,3.1965294
0,5167,6287,0,hasCapacityPrediction,13,1092,2.4361155
0,5172,6292,0,hasCapacityPrediction,13,1092,2.8491411
0,5178,6298,0,hasCapacityPrediction,13,1092,3.3185954
0,5246,6365,0,hasCapacityPrediction,13,1092,2.3967586
0,5249,6368,0,hasCapacityPrediction,13,1092,2.464251
0,5252,6371,0,hasCapacityPrediction,13,1092,3.5228724
0,5304,6422,0,hasCapacityPrediction,13,1092,2.4982305
0,5306,6424,0,hasCapacityPrediction,13,1092,3.0566032
0,5309,6427,0,hasCapacityPrediction,13,1092,3.028946
0,5317,6435,0,hasCapacityPrediction,13,1092,3.1879244
0,5318,6436,0,hasCapacityPrediction,13,1092,3.494277
0,5321,6439,0,hasCapacityPrediction,13,1092,3.0413716
0,5327,6445,0,hasCapacityPrediction,13,1092,2.9083242
0,5332,6450,0,hasCapacityPrediction,13,1092,2.3437831
0,5333,6451,0,hasCapacityPrediction,13,1092,2.093682
0,5337,6455,0,hasCapacityPrediction,13,1092,3.1282258
0,5338,6456,0,hasCapacityPrediction,13,1092,2.6246424
0,5342,6460,0,hasCapacityPrediction,13,1092,2.5151763
0,5343,6461,0,hasCapacityPrediction,13,1092,2.6413245
0,5346,6464,0,hasCapacityPrediction,13,1092,2.4831448
0,5347,6465,0,hasCapacityPrediction,13,1092,4.4093847
0,5348,6466,0,hasCapacityPrediction,13,1092,2.1849284
0,5349,6467,0,hasCapacityPrediction,13,1092,3.0693996
0,5350,6468,0,hasCapacityPrediction,13,1092,3.4906063
0,5354,6472,0,hasCapacityPrediction,13,1092,3.263543
0,5355,6473,0,hasCapacityPrediction,13,1092,2.3277206
0,5356,6474,0,hasCapacityPrediction,13,1092,2.4830146
0,5359,6477,0,hasCapacityPrediction,13,1092,2.66358
0,5360,6478,0,hasCapacityPrediction,13,1092,2.8228724
0,5364,6482,0,hasCapacityPrediction,13,1092,2.0986063
0,5369,6487,0,hasCapacityPrediction,13,1092,1.3648298
0,5383,6500,0,hasCapacityPrediction,13,1092,1.0345379
0,5431,6548,0,hasCapacityPrediction,13,1092,3.0472121
0,5433,6550,0,hasCapacityPrediction,13,1092,2.9011784
0,5439,6556,0,hasCapacityPrediction,13,1092,2.3652864
0,5441,6558,0,hasCapacityPrediction,13,1092,3.5360599
0,5447,6564,0,hasCapacityPrediction,13,1092,2.0185337
0,5460,6577,0,hasCapacityPrediction,13,1092,2.2082965
0,5466,6583,0,hasCapacityPrediction,13,1092,2.071476
0,5481,6598,0,hasCapacityPrediction,13,1092,3.0869625
0,5494,6610,0,hasCapacityPrediction,13,1092,1.5662917
0,5495,6611,0,hasCapacityPrediction,13,1092,3.2087035
0,5498,6614,0,hasCapacityPrediction,13,1092,2.3064067
0,5508,6624,0,hasCapacityPrediction,13,1092,2.573768
0,5510,6626,0,hasCapacityPrediction,13,1092,2.438898
0,5511,6627,0,hasCapacityPrediction,13,1092,2.1664693
0,5512,6628,0,hasCapacityPrediction,13,1092,2.2126982
0,5513,6629,0,hasCapacityPrediction,13,1092,2.1940446
0,5514,6630,0,hasCapacityPrediction,13,1092,2.6907482
0,5525,6641,0,hasCapacityPrediction,13,1092,1.9716985
0,5527,6643,0,hasCapacityPrediction,13,1092,1.0411388
0,5532,6648,0,hasCapacityPrediction,13,1092,1.4137042
0,5535,6651,0,hasCapacityPrediction,13,1092,2.0186806
0,5539,6655,0,hasCapacityPrediction,13,1092,2.945828
0,5635,6750,0,hasCapacityPrediction,13,1092,3.2622864
0,5645,6760,0,hasCapacityPrediction,13,1092,1.4910724
0,5659,6774,0,hasCapacityPrediction,13,1092,0.49808943
0,5673,6788,0,hasCapacityPrediction,13,1092,2.4936666
0,5698,6812,0,hasCapacityPrediction,13,1092,2.0463202
0,5703,6817,0,hasCapacityPrediction,13,1092,1.877884
0,5708,6822,0,hasCapacityPrediction,13,1092,3.1922722
0,5717,6831,0,hasCapacityPrediction,13,1092,2.6445446
0,5721,6835,0,hasCapacityPrediction,13,1092,3.105383
0,5724,6838,0,hasCapacityPrediction,13,1092,2.004955
0,5731,6845,0,hasCapacityPrediction,13,1092,2.8730836
0,5733,6847,0,hasCapacityPrediction,13,1092,3.4867606
0,5735,6849,0,hasCapacityPrediction,13,1092,2.7560642
0,5740,6854,0,hasCapacityPrediction,13,1092,2.4531934
0,5742,6856,0,hasCapacityPrediction,13,1092,1.7914118
0,5746,6860,0,hasCapacityPrediction,13,1092,2.2180698
0,5753,6867,0,hasCapacityPrediction,13,1092,3.465405
0,5754,6868,0,hasCapacityPrediction,13,1092,2.449802
0,5760,6874,0,hasCapacityPrediction,13,1092,2.46028
0,5765,6879,0,hasCapacityPrediction,13,1092,2.040236
0,5766,6880,0,hasCapacityPrediction,13,1092,3.7122643
0,5767,6881,0,hasCapacityPrediction,13,1092,2.5024445
0,5768,6882,0,hasCapacityPrediction,13,1092,3.7450073
0,5770,6884,0,hasCapacityPrediction,13,1092,2.2536206
0,5771,6885,0,hasCapacityPrediction,13,1092,2.5475698
0,5773,6887,0,hasCapacityPrediction,13,1092,3.1942697
0,5774,6888,0,hasCapacityPrediction,13,1092,2.7289162
0,5778,6892,0,hasCapacityPrediction,13,1092,2.3127608
0,5782,6896,0,hasCapacityPrediction,13,1092,2.3815527
0,5785,6899,0,hasCapacityPrediction,13,1092,2.0574281
0,5789,6902,0,hasCapacityPrediction,13,1092,2.4675217
0,5795,6908,0,hasCapacityPrediction,13,1092,2.4031506
0,5796,6909,0,hasCapacityPrediction,13,1092,2.5887575
0,5797,6910,0,hasCapacityPrediction,13,1092,2.5675364
0,5799,6912,0,hasCapacityPrediction,13,1092,2.854706
0,5800,6913,0,hasCapacityPrediction,13,1092,3.5032148
0,5801,6914,0,hasCapacityPrediction,13,1092,2.9528546
0,5804,6917,0,hasCapacityPrediction,13,1092,2.5914536
0,5807,6920,0,hasCapacityPrediction,13,1092,3.030432
0,5811,6924,0,hasCapacityPrediction,13,1092,2.4076433
0,5814,6927,0,hasCapacityPrediction,13,1092,2.9354444
0,5815,6928,0,hasCapacityPrediction,13,1092,2.5806215
0,5817,6930,0,hasCapacityPrediction,13,1092,3.0712187
0,5819,6932,0,hasCapacityPrediction,13,1092,2.5967624
0,5820,6933,0,hasCapacityPrediction,13,1092,2.8642364
0,5821,6934,0,hasCapacityPrediction,13,1092,2.4802785
0,5822,6935,0,hasCapacityPrediction,13,1092,2.943439
0,5825,6938,0,hasCapacityPrediction,13,1092,2.4283898
0,5826,6939,0,hasCapacityPrediction,13,1092,1.4874511
0,5827,6940,0,hasCapacityPrediction,13,1092,3.2518585
0,5828,6941,0,hasCapacityPrediction,13,1092,3.3354564
0,5829,6942,0,hasCapacityPrediction,13,1092,2.8080208
0,5834,6947,0,hasCapacityPrediction,13,1092,2.1695626
0,5836,6949,0,hasCapacityPrediction,13,1092,3.2146301
0,5838,6951,0,hasCapacityPrediction,13,1092,3.1127832
0,5840,6953,0,hasCapacityPrediction,13,1092,1.7063986
0,5843,6956,0,hasCapacityPrediction,13,1092,1.5412502
0,5844,6957,0,hasCapacityPrediction,13,1092,2.6307342
0,5845,6958,0,hasCapacityPrediction,13,1092,2.2687812
0,5846,6959,0,hasCapacityPrediction,13,1092,1.1257352
0,5851,6964,0,hasCapacityPrediction,13,1092,2.4925888
0,5853,6966,0,hasCapacityPrediction,13,1092,1.2901458
0,5855,6968,0,hasCapacityPrediction,13,1092,2.8856983
0,5856,6969,0,hasCapacityPrediction,13,1092,1.8263853
0,5861,6974,0,hasCapacityPrediction,13,1092,2.1140623
0,5862,6975,0,hasCapacityPrediction,13,1092,2.6204307
0,5863,6976,0,hasCapacityPrediction,13,1092,1.4665071
0,5865,6978,0,hasCapacityPrediction,13,1092,2.5224676
0,5866,6979,0,hasCapacityPrediction,13,1092,2.6171432
0,5874,6987,0,hasCapacityPrediction,13,1092,2.1353257
0,5876,6989,0,hasCapacityPrediction,13,1092,2.6033475
0,5877,6990,0,hasCapacityPrediction,13,1092,2.0351229
0,5882,6995,0,hasCapacityPrediction,13,1092,1.557629
0,5883,6996,0,hasCapacityPrediction,13,1092,1.4468721
0,5894,7005,0,hasCapacityPrediction,13,1092,1.2353231
0,5895,7006,0,hasCapacityPrediction,13,1092,2.5960991
0,5897,7008,0,hasCapacityPrediction,13,1092,1.8165764
0,5898,7009,0,hasCapacityPrediction,13,1092,1.6060586
0,5899,7010,0,hasCapacityPrediction,13,1092,1.9973462
0,5904,7015,0,hasCapacityPrediction,13,1092,1.8016165
0,5905,7016,0,hasCapacityPrediction,13,1092,1.7297232
0,5906,7017,0,hasCapacityPrediction,13,1092,2.2609448
0,5909,7020,0,hasCapacityPrediction,13,1092,1.6946764
0,5911,7022,0,hasCapacityPrediction,13,1092,1.4171033
0,5912,7023,0,hasCapacityPrediction,13,1092,2.5138807
0,5913,7024,0,hasCapacityPrediction,13,1092,1.8814962
0,5914,7025,0,hasCapacityPrediction,13,1092,1.3021147
0,5915,7026,0,hasCapacityPrediction,13,1092,1.5431725
0,5916,7027,0,hasCapacityPrediction,13,1092,2.6607695
0,5919,7030,0,hasCapacityPrediction,13,1092,1.8732271
0,5920,7031,0,hasCapacityPrediction,13,1092,1.5948025
0,5921,7032,0,hasCapacityPrediction,13,1092,2.1537182
0,5922,7033,0,hasCapacityPrediction,13,1092,1.8076168
0,5923,7034,0,hasCapacityPrediction,13,1092,2.0108144
0,5924,7035,0,hasCapacityPrediction,13,1092,1.3946612
0,5925,7036,0,hasCapacityPrediction,13,1092,2.222368
0,5926,7037,0,hasCapacityPrediction,13,1092,2.0989819
0,5930,7041,0,hasCapacityPrediction,13,1092,2.7900062
0,5932,7043,0,hasCapacityPrediction,13,1092,1.1145735
0,5935,7046,0,hasCapacityPrediction,13,1092,1.4318502
0,5938,7049,0,hasCapacityPrediction,13,1092,1.903235
0,5939,7050,0,hasCapacityPrediction,13,1092,1.6062847
0,5940,7051,0,hasCapacityPrediction,13,1092,1.6516511
0,5941,7052,0,hasCapacityPrediction,13,1092,2.0006115
0,5942,7053,0,hasCapacityPrediction,13,1092,1.6779475
0,5943,7054,0,hasCapacityPrediction,13,1092,2.175326
0,5944,7055,0,hasCapacityPrediction,13,1092,1.8343005
0,5946,7057,0,hasCapacityPrediction,13,1092,2.0866816
0,5947,7058,0,hasCapacityPrediction,13,1092,1.6175559
0,5948,7059,0,hasCapacityPrediction,13,1092,2.1219633
0,5950,7061,0,hasCapacityPrediction,13,1092,1.4443456
0,5951,7062,0,hasCapacityPrediction,13,1092,1.7570359
0,5952,7063,0,hasCapacityPrediction,13,1092,2.6385067
0,5954,7065,0,hasCapacityPrediction,13,1092,2.68286
0,5955,7066,0,hasCapacityPrediction,13,1092,2.132039
0,5956,7067,0,hasCapacityPrediction,13,1092,2.2934005
0,5957,7068,0,hasCapacityPrediction,13,1092,3.0001495
0,5958,7069,0,hasCapacityPrediction,13,1092,2.4118767
0,5959,7070,0,hasCapacityPrediction,13,1092,2.6381917
0,5960,7071,0,hasCapacityPrediction,13,1092,1.7148504
0,5961,7072,0,hasCapacityPrediction,13,1092,2.163795
0,5988,7099,0,hasCapacityPrediction,13,1092,2.8635583
0,6034,7144,0,hasCapacityPrediction,13,1092,2.9782424
0,6047,7157,0,hasCapacityPrediction,13,1092,2.4253447
0,6081,7191,0,hasCapacityPrediction,13,1092,2.7319577
0,6092,7201,0,hasCapacityPrediction,13,1092,2.5302584
0,6094,7203,0,hasCapacityPrediction,13,1092,1.266796
0,6107,7216,0,hasCapacityPrediction,13,1092,2.3119218
0,6111,7220,0,hasCapacityPrediction,13,1092,2.8282838
0,6114,7223,0,hasCapacityPrediction,13,1092,1.8771336
0,6124,7233,0,hasCapacityPrediction,13,1092,1.3750412
0,6125,7234,0,hasCapacityPrediction,13,1092,2.443781
0,6143,7252,0,hasCapacityPrediction,13,1092,2.780486
0,6157,7266,0,hasCapacityPrediction,13,1092,2.409918
0,6158,7267,0,hasCapacityPrediction,13,1092,2.3785686
0,6164,7273,0,hasCapacityPrediction,13,1092,2.33837
0,6167,7276,0,hasCapacityPrediction,13,1092,2.2190943
0,6168,7277,0,hasCapacityPrediction,13,1092,2.245794
0,6170,7279,0,hasCapacityPrediction,13,1092,1.2189933
0,6177,7286,0,hasCapacityPrediction,13,1092,2.468205
0,6182,7291,0,hasCapacityPrediction,13,1092,0.9213188
0,6189,7298,0,hasCapacityPrediction,13,1092,2.8387167
0,6197,7305,0,hasCapacityPrediction,13,1092,3.2320194
0,6199,7307,0,hasCapacityPrediction,13,1092,1.6510746
0,6200,7308,0,hasCapacityPrediction,13,1092,2.479483
0,6201,7309,0,hasCapacityPrediction,13,1092,3.4163592
0,6204,7312,0,hasCapacityPrediction,13,1092,2.5120277
0,6205,7313,0,hasCapacityPrediction,13,1092,2.0973823
0,6208,7316,0,hasCapacityPrediction,13,1092,1.6875727
0,6217,7325,0,hasCapacityPrediction,13,1092,2.4602144
0,6223,7331,0,hasCapacityPrediction,13,1092,2.9098737
0,6226,7334,0,hasCapacityPrediction,13,1092,2.2976496
0,6227,7335,0,hasCapacityPrediction,13,1092,2.4235663
0,6228,7336,0,hasCapacityPrediction,13,1092,2.8325229
0,6230,7338,0,hasCapacityPrediction,13,1092,2.3762312
0,6232,7340,0,hasCapacityPrediction,13,1092,2.4568698
0,6236,7344,0,hasCapacityPrediction,13,1092,2.3894162
0,6238,7346,0,hasCapacityPrediction,13,1092,2.4433503
0,6239,7347,0,hasCapacityPrediction,13,1092,2.918541
0,6240,7348,0,hasCapacityPrediction,13,1092,2.4889262
0,6242,7350,0,hasCapacityPrediction,13,1092,2.4541817
0,6243,7351,0,hasCapacityPrediction,13,1092,2.149992
0,6245,7353,0,hasCapacityPrediction,13,1092,2.8673117
0,6248,7356,0,hasCapacityPrediction,13,1092,2.638266
0,6249,7357,0,hasCapacityPrediction,13,1092,1.8492119
0,6252,7360,0,hasCapacityPrediction,13,1092,3.4343138
0,6254,7362,0,hasCapacityPrediction,13,1092,2.395955
0,6255,7363,0,hasCapacityPrediction,13,1092,2.4957993
0,6256,7364,0,hasCapacityPrediction,13,1092,2.356965
0,6259,7367,0,hasCapacityPrediction,13,1092,2.8465142
0,6260,7368,0,hasCapacityPrediction,13,1092,2.6374788
0,6264,7372,0,hasCapacityPrediction,13,1092,2.2645483
0,6266,7374,0,hasCapacityPrediction,13,1092,2.3607106
0,6267,7375,0,hasCapacityPrediction,13,1092,2.8520448
0,6269,7377,0,hasCapacityPrediction,13,1092,2.2772052
0,6270,7378,0,hasCapacityPrediction,13,1092,2.7842598
0,6271,7379,0,hasCapacityPrediction,13,1092,2.879418
0,6272,7380,0,hasCapacityPrediction,13,1092,1.6880445
0,6273,7381,0,hasCapacityPrediction,13,1092,3.4114242
0,6274,7382,0,hasCapacityPrediction,13,1092,3.083618
0,6278,7386,0,hasCapacityPrediction,13,1092,1.947159
0,6280,7388,0,hasCapacityPrediction,13,1092,2.1652365
0,6281,7389,0,hasCapacityPrediction,13,1092,3.0881374
0,6282,7390,0,hasCapacityPrediction,13,1092,2.7193263
0,6283,7391,0,hasCapacityPrediction,13,1092,2.9229324
0,6284,7392,0,hasCapacityPrediction,13,1092,2.5051937
0,6285,7393,0,hasCapacityPrediction,13,1092,3.533336
0,6286,7394,0,hasCapacityPrediction,13,1092,2.591638
0,6288,7396,0,hasCapacityPrediction,13,1092,1.967719
0,6289,7397,0,hasCapacityPrediction,13,1092,3.376478
0,6290,7398,0,hasCapacityPrediction,13,1092,2.0963578
0,6291,7399,0,hasCapacityPrediction,13,1092,2.5589874
0,6293,7400,0,hasCapacityPrediction,13,1092,2.6193523
0,6320,7427,0,hasCapacityPrediction,13,1092,2.9009538
0,6351,7458,0,hasCapacityPrediction,13,1092,2.0495515
0,6373,7480,0,hasCapacityPrediction,13,1092,3.2781937
0,6381,7488,0,hasCapacityPrediction,13,1092,2.830716
0,6387,7494,0,hasCapacityPrediction,13,1092,2.9067202
0,6390,7497,0,hasCapacityPrediction,13,1092,3.1274695
0,6402,7508,0,hasCapacityPrediction,13,1092,2.1900089
0,6435,7541,0,hasCapacityPrediction,13,1092,3.209518
0,6441,7547,0,hasCapacityPrediction,13,1092,2.1920896
0,6443,7549,0,hasCapacityPrediction,13,1092,3.3222442
0,6449,7555,0,hasCapacityPrediction,13,1092,3.1599154
0,6451,7557,0,hasCapacityPrediction,13,1092,1.9578315
0,6456,7562,0,hasCapacityPrediction,13,1092,3.4571736
0,6460,7566,0,hasCapacityPrediction,13,1092,2.3792357
0,6466,7572,0,hasCapacityPrediction,13,1092,2.2322946
0,6469,7575,0,hasCapacityPrediction,13,1092,2.4923327
0,6478,7584,0,hasCapacityPrediction,13,1092,2.705441
0,6481,7587,0,hasCapacityPrediction,13,1092,1.9987764
0,6493,7599,0,hasCapacityPrediction,13,1092,2.8387063
0,6502,7607,0,hasCapacityPrediction,13,1092,2.0855496
0,6503,7608,0,hasCapacityPrediction,13,1092,1.9432425
0,6507,7612,0,hasCapacityPrediction,13,1092,2.4460306
0,6508,7613,0,hasCapacityPrediction,13,1092,2.6633224
0,6509,7614,0,hasCapacityPrediction,13,1092,2.6625466
0,6511,7616,0,hasCapacityPrediction,13,1092,2.9794796
0,6512,7617,0,hasCapacityPrediction,13,1092,1.9267377
0,6513,7618,0,hasCapacityPrediction,13,1092,2.2444768
0,6515,7620,0,hasCapacityPrediction,13,1092,2.2812045
0,6525,7630,0,hasCapacityPrediction,13,1092,2.7596257
0,6528,7633,0,hasCapacityPrediction,13,1092,2.4541118
0,6530,7635,0,hasCapacityPrediction,13,1092,1.9840764
0,6531,7636,0,hasCapacityPrediction,13,1092,3.0462751
0,6535,7640,0,hasCapacityPrediction,13,1092,2.5762494
0,6540,7645,0,hasCapacityPrediction,13,1092,2.5767543
0,6541,7646,0,hasCapacityPrediction,13,1092,2.1898234
0,6542,7647,0,hasCapacityPrediction,13,1092,2.9757938
0,6544,7649,0,hasCapacityPrediction,13,1092,2.4781573
0,6545,7650,0,hasCapacityPrediction,13,1092,3.1703887
0,6547,7652,0,hasCapacityPrediction,13,1092,2.797607
0,6553,7658,0,hasCapacityPrediction,13,1092,2.60543
0,6558,7663,0,hasCapacityPrediction,13,1092,2.127583
0,6559,7664,0,hasCapacityPrediction,13,1092,3.1089938
0,6560,7665,0,hasCapacityPrediction,13,1092,2.7469044
0,6561,7666,0,hasCapacityPrediction,13,1092,2.2655933
0,6562,7667,0,hasCapacityPrediction,13,1092,3.6635168
0,6563,7668,0,hasCapacityPrediction,13,1092,2.8198962
0,6565,7670,0,hasCapacityPrediction,13,1092,2.7600296
0,6566,7671,0,hasCapacityPrediction,13,1092,3.2317178
0,6570,7675,0,hasCapacityPrediction,13,1092,2.6854293
0,6573,7678,0,hasCapacityPrediction,13,1092,2.8877013
0,6574,7679,0,hasCapacityPrediction,13,1092,3.6742046
0,6575,7680,0,hasCapacityPrediction,13,1092,2.9839635
0,6576,7681,0,hasCapacityPrediction,13,1092,3.1804104
0,6579,7684,0,hasCapacityPrediction,13,1092,3.2001429
0,6581,7686,0,hasCapacityPrediction,13,1092,2.3380601
0,6583,7688,0,hasCapacityPrediction,13,1092,2.2320201
0,6586,7691,0,hasCapacityPrediction,13,1092,2.3815153
0,6587,7692,0,hasCapacityPrediction,13,1092,2.505378
0,6588,7693,0,hasCapacityPrediction,13,1092,2.4572978
0,6589,7694,0,hasCapacityPrediction,13,1092,1.8800647
0,6590,7695,0,hasCapacityPrediction,13,1092,3.1973426
0,6591,7696,0,hasCapacityPrediction,13,1092,2.3157039
0,6592,7697,0,hasCapacityPrediction,13,1092,2.3813186
0,6594,7699,0,hasCapacityPrediction,13,1092,1.3349359
0,6598,7702,0,hasCapacityPrediction,13,1092,2.360703
0,6599,7703,0,hasCapacityPrediction,13,1092,2.2643554
0,6600,7704,0,hasCapacityPrediction,13,1092,2.3294058
0,6601,7705,0,hasCapacityPrediction,13,1092,3.1754966
0,6602,7706,0,hasCapacityPrediction,13,1092,2.057454
0,6603,7707,0,hasCapacityPrediction,13,1092,2.103706
0,6604,7708,0,hasCapacityPrediction,13,1092,2.5786495
0,6614,7718,0,hasCapacityPrediction,13,1092,1.22176
0,6617,7721,0,hasCapacityPrediction,13,1092,2.2195306
0,6619,7723,0,hasCapacityPrediction,13,1092,2.1730018
0,6649,7753,0,hasCapacityPrediction,13,1092,2.373506
0,6651,7755,0,hasCapacityPrediction,13,1092,1.9297051
0,6655,7759,0,hasCapacityPrediction,13,1092,1.9705335
0,6657,7761,0,hasCapacityPrediction,13,1092,2.036738
0,6662,7766,0,hasCapacityPrediction,13,1092,2.1227598
0,6663,7767,0,hasCapacityPrediction,13,1092,1.6456292
0,6664,7768,0,hasCapacityPrediction,13,1092,1.1183096
0,6666,7770,0,hasCapacityPrediction,13,1092,2.2130375
0,6669,7773,0,hasCapacityPrediction,13,1092,2.7077417
0,6675,7779,0,hasCapacityPrediction,13,1092,2.2472858
0,6678,7782,0,hasCapacityPrediction,13,1092,1.3591695
0,6680,7784,0,hasCapacityPrediction,13,1092,1.9726766
0,6681,7785,0,hasCapacityPrediction,13,1092,2.243945
0,6683,7787,0,hasCapacityPrediction,13,1092,1.8423083
0,6685,7789,0,hasCapacityPrediction,13,1092,1.4465053
0,6689,7793,0,hasCapacityPrediction,13,1092,1.9935112
0,6690,7794,0,hasCapacityPrediction,13,1092,2.5691254
0,6692,7796,0,hasCapacityPrediction,13,1092,2.108223
0,6695,7799,0,hasCapacityPrediction,13,1092,1.5174158
0,6697,7800,0,hasCapacityPrediction,13,1092,1.6904173
0,6700,7803,0,hasCapacityPrediction,13,1092,1.8164266
0,6704,7807,0,hasCapacityPrediction,13,1092,1.2820015
0,6706,7809,0,hasCapacityPrediction,13,1092,1.8278139
0,6707,7810,0,hasCapacityPrediction,13,1092,1.8932048
0,6708,7811,0,hasCapacityPrediction,13,1092,1.5729141
0,6713,7816,0,hasCapacityPrediction,13,1092,2.5886698
0,6716,7819,0,hasCapacityPrediction,13,1092,2.5066628
0,6718,7821,0,hasCapacityPrediction,13,1092,1.2189544
0,6720,7823,0,hasCapacityPrediction,13,1092,2.600935
0,6722,7825,0,hasCapacityPrediction,13,1092,0.86034834
0,6723,7826,0,hasCapacityPrediction,13,1092,1.7031806
0,6725,7828,0,hasCapacityPrediction,13,1092,1.3529489
0,6726,7829,0,hasCapacityPrediction,13,1092,3.0348723
0,6727,7830,0,hasCapacityPrediction,13,1092,1.6891007
0,6729,7832,0,hasCapacityPrediction,13,1092,1.862857
0,6731,7834,0,hasCapacityPrediction,13,1092,3.099382
0,6732,7835,0,hasCapacityPrediction,13,1092,1.165402
0,6734,7837,0,hasCapacityPrediction,13,1092,1.2830224
0,6736,7839,0,hasCapacityPrediction,13,1092,1.843597
0,6738,7841,0,hasCapacityPrediction,13,1092,2.5948796
0,6739,7842,0,hasCapacityPrediction,13,1092,1.4089282
0,6740,7843,0,hasCapacityPrediction,13,1092,1.8113275
0,6741,7844,0,hasCapacityPrediction,13,1092,2.5702896
0,6743,7846,0,hasCapacityPrediction,13,1092,1.9283714
0,6745,7848,0,hasCapacityPrediction,13,1092,1.3941534
0,6746,7849,0,hasCapacityPrediction,13,1092,1.2299482
0,6750,7853,0,hasCapacityPrediction,13,1092,1.5624989
0,6752,7855,0,hasCapacityPrediction,13,1092,1.1300517
0,6753,7856,0,hasCapacityPrediction,13,1092,3.3361218
0,6755,7858,0,hasCapacityPrediction,13,1092,1.3205136
0,6757,7860,0,hasCapacityPrediction,13,1092,1.5049812
0,6758,7861,0,hasCapacityPrediction,13,1092,1.4253391
0,6760,7863,0,hasCapacityPrediction,13,1092,1.0395882
0,6762,7865,0,hasCapacityPrediction,13,1092,1.944006
0,6763,7866,0,hasCapacityPrediction,13,1092,2.531234
0,6765,7868,0,hasCapacityPrediction,13,1092,2.8619401
0,6766,7869,0,hasCapacityPrediction,13,1092,2.0679855
0,6768,7871,0,hasCapacityPrediction,13,1092,1.3120754
0,6771,7874,0,hasCapacityPrediction,13,1092,2.4806921
0,6772,7875,0,hasCapacityPrediction,13,1092,2.900974
0,6776,7879,0,hasCapacityPrediction,13,1092,2.3124688
0,6778,7881,0,hasCapacityPrediction,13,1092,1.0856205
0,6781,7884,0,hasCapacityPrediction,13,1092,1.5825012
0,6782,7885,0,hasCapacityPrediction,13,1092,1.9504377
0,6783,7886,0,hasCapacityPrediction,13,1092,2.4295797
0,6784,7887,0,hasCapacityPrediction,13,1092,1.8640487
0,6786,7889,0,hasCapacityPrediction,13,1092,1.0861936
0,6791,7894,0,hasCapacityPrediction,13,1092,2.217987
0,6793,7896,0,hasCapacityPrediction,13,1092,2.028118
0,6794,7897,0,hasCapacityPrediction,13,1092,2.0675972
0,6798,7900,0,hasCapacityPrediction,13,1092,1.5967629
0,6799,7901,0,hasCapacityPrediction,13,1092,1.6478721
0,6800,7902,0,hasCapacityPrediction,13,1092,1.2414724
0,6801,7903,0,hasCapacityPrediction,13,1092,2.196777
0,6802,7904,0,hasCapacityPrediction,13,1092,1.8634974
0,6804,7906,0,hasCapacityPrediction,13,1092,1.8379076
0,6805,7907,0,hasCapacityPrediction,13,1092,1.4529908
0,6806,7908,0,hasCapacityPrediction,13,1092,1.7197031
0,6807,7909,0,hasCapacityPrediction,13,1092,2.0282938
0,6808,7910,0,hasCapacityPrediction,13,1092,1.9947649
0,6812,7914,0,hasCapacityPrediction,13,1092,1.6266756
0,6833,7935,0,hasCapacityPrediction,13,1092,1.8649334
0,6871,7973,0,hasCapacityPrediction,13,1092,1.9364262
0,6877,7979,0,hasCapacityPrediction,13,1092,1.8863435
0,6880,7982,0,hasCapacityPrediction,13,1092,1.135983
0,6881,7983,0,hasCapacityPrediction,13,1092,1.5723205
0,6882,7984,0,hasCapacityPrediction,13,1092,1.6206036
0,6893,7995,0,hasCapacityPrediction,13,1092,2.0534892
0,6894,7996,0,hasCapacityPrediction,13,1092,0.8821022
0,6905,8005,0,hasCapacityPrediction,13,1092,1.0810107
0,6908,8008,0,hasCapacityPrediction,13,1092,1.8719671
0,6912,8012,0,hasCapacityPrediction,13,1092,1.3898582
0,6937,8037,0,hasCapacityPrediction,13,1092,0.9914567
0,6940,8040,0,hasCapacityPrediction,13,1092,2.4183853
0,6942,8042,0,hasCapacityPrediction,13,1092,1.8669504
0,6943,8043,0,hasCapacityPrediction,13,1092,1.5761155
0,6944,8044,0,hasCapacityPrediction,13,1092,2.0457897
0,6945,8045,0,hasCapacityPrediction,13,1092,2.0282953
0,6958,8058,0,hasCapacityPrediction,13,1092,1.2485346
0,6961,8061,0,hasCapacityPrediction,13,1092,1.7835233
0,6969,8069,0,hasCapacityPrediction,13,1092,1.3208156
0,6974,8074,0,hasCapacityPrediction,13,1092,1.3363253
0,6976,8076,0,hasCapacityPrediction,13,1092,1.605355
0,6983,8083,0,hasCapacityPrediction,13,1092,1.6811739
0,6985,8085,0,hasCapacityPrediction,13,1092,0.68014294
0,6986,8086,0,hasCapacityPrediction,13,1092,1.551166
0,6988,8088,0,hasCapacityPrediction,13,1092,2.177359
0,6989,8089,0,hasCapacityPrediction,13,1092,1.737586
0,6991,8091,0,hasCapacityPrediction,13,1092,1.8928983
0,6994,8094,0,hasCapacityPrediction,13,1092,1.2846677
0,6995,8095,0,hasCapacityPrediction,13,1092,0.72721577
0,7001,8100,0,hasCapacityPrediction,13,1092,1.1045147
0,7003,8102,0,hasCapacityPrediction,13,1092,0.987855
0,7007,8106,0,hasCapacityPrediction,13,1092,2.1079485
0,7010,8109,0,hasCapacityPrediction,13,1092,2.0536926
0,7012,8111,0,hasCapacityPrediction,13,1092,1.1421326
0,7019,8118,0,hasCapacityPrediction,13,1092,1.8658155
0,7022,8121,0,hasCapacityPrediction,13,1092,2.5970535
0,7024,8123,0,hasCapacityPrediction,13,1092,1.2882607
0,7025,8124,0,hasCapacityPrediction,13,1092,1.4227065
0,7026,8125,0,hasCapacityPrediction,13,1092,1.2623125
0,7027,8126,0,hasCapacityPrediction,13,1092,2.1946464
0,7031,8130,0,hasCapacityPrediction,13,1092,2.1402571
0,7032,8131,0,hasCapacityPrediction,13,1092,1.4582182
0,7036,8135,0,hasCapacityPrediction,13,1092,1.2707723
0,7038,8137,0,hasCapacityPrediction,13,1092,1.3351797
0,7039,8138,0,hasCapacityPrediction,13,1092,1.1541307
0,7041,8140,0,hasCapacityPrediction,13,1092,1.6799268
0,7042,8141,0,hasCapacityPrediction,13,1092,1.6141905
0,7044,8143,0,hasCapacityPrediction,13,1092,1.3613541
0,7045,8144,0,hasCapacityPrediction,13,1092,1.3520355
0,7047,8146,0,hasCapacityPrediction,13,1092,1.5504661
0,7048,8147,0,hasCapacityPrediction,13,1092,1.5579139
0,7050,8149,0,hasCapacityPrediction,13,1092,2.1116781
0,7054,8153,0,hasCapacityPrediction,13,1092,1.9834027
0,7055,8154,0,hasCapacityPrediction,13,1092,1.0775371
0,7057,8156,0,hasCapacityPrediction,13,1092,1.8085608
0,7058,8157,0,hasCapacityPrediction,13,1092,1.8431976
0,7059,8158,0,hasCapacityPrediction,13,1092,1.1389633
0,7060,8159,0,hasCapacityPrediction,13,1092,1.827866
0,7061,8160,0,hasCapacityPrediction,13,1092,1.5893751
0,7062,8161,0,hasCapacityPrediction,13,1092,1.4408153
0,7063,8162,0,hasCapacityPrediction,13,1092,3.2351475
0,7064,8163,0,hasCapacityPrediction,13,1092,3.1858664
0,7065,8164,0,hasCapacityPrediction,13,1092,2.0557022
0,7066,8165,0,hasCapacityPrediction,13,1092,2.3978367
0,7067,8166,0,hasCapacityPrediction,13,1092,2.485676
0,7068,8167,0,hasCapacityPrediction,13,1092,2.2068062
0,7069,8168,0,hasCapacityPrediction,13,1092,2.8736467
0,7070,8169,0,hasCapacityPrediction,13,1092,3.387897
0,7071,8170,0,hasCapacityPrediction,13,1092,2.9561386
0,7072,8171,0,hasCapacityPrediction,13,1092,3.6289191
0,7073,8172,0,hasCapacityPrediction,13,1092,2.6696007
0,7074,8173,0,hasCapacityPrediction,13,1092,2.7895944
0,7075,8174,0,hasCapacityPrediction,13,1092,2.4587781
0,7076,8175,0,hasCapacityPrediction,13,1092,2.869589
0,7077,8176,0,hasCapacityPrediction,13,1092,2.5927973
0,7078,8177,0,hasCapacityPrediction,13,1092,2.2498999
0,7079,8178,0,hasCapacityPrediction,13,1092,3.226048
0,7080,8179,0,hasCapacityPrediction,13,1092,3.0277185
0,7081,8180,0,hasCapacityPrediction,13,1092,2.5119388
0,7082,8181,0,hasCapacityPrediction,13,1092,3.6472347
0,7083,8182,0,hasCapacityPrediction,13,1092,3.0170834
0,7084,8183,0,hasCapacityPrediction,13,1092,2.7261934
0,7085,8184,0,hasCapacityPrediction,13,1092,2.8989391
0,7086,8185,0,hasCapacityPrediction,13,1092,3.0686903
0,7088,8187,0,hasCapacityPrediction,13,1092,2.6038866
0,7089,8188,0,hasCapacityPrediction,13,1092,2.8939614
0,7090,8189,0,hasCapacityPrediction,13,1092,3.0569174
0,7091,8190,0,hasCapacityPrediction,13,1092,2.7048147
0,7092,8191,0,hasCapacityPrediction,13,1092,3.2318
0,7093,8192,0,hasCapacityPrediction,13,1092,3.4303746
0,7094,8193,0,hasCapacityPrediction,13,1092,2.1269407
0,7095,8194,0,hasCapacityPrediction,13,1092,2.5676181
0,7096,8195,0,hasCapacityPrediction,13,1092,2.6895447
0,7097,8196,0,hasCapacityPrediction,13,1092,2.871597
0,7098,8197,0,hasCapacityPrediction,13,1092,2.7572336
0,7099,8198,0,hasCapacityPrediction,13,1092,1.7136304
0,7100,8199,0,hasCapacityPrediction,13,1092,3.2413979
0,7102,8200,0,hasCapacityPrediction,13,1092,2.1619883
0,7103,8201,0,hasCapacityPrediction,13,1092,2.8627324
0,7104,8202,0,hasCapacityPrediction,13,1092,3.119242
0,7105,8203,0,hasCapacityPrediction,13,1092,2.4643378
0,7106,8204,0,hasCapacityPrediction,13,1092,2.6886246
0,7107,8205,0,hasCapacityPrediction,13,1092,2.6859038
0,7108,8206,0,hasCapacityPrediction,13,1092,2.3165407
0,7109,8207,0,hasCapacityPrediction,13,1092,2.5233302
0,7110,8208,0,hasCapacityPrediction,13,1092,2.7303433
0,7111,8209,0,hasCapacityPrediction,13,1092,2.4839864
0,7112,8210,0,hasCapacityPrediction,13,1092,2.393119
0,7113,8211,0,hasCapacityPrediction,13,1092,2.7638524
0,7114,8212,0,hasCapacityPrediction,13,1092,3.0578463
0,7115,8213,0,hasCapacityPrediction,13,1092,2.8988557
0,7116,8214,0,hasCapacityPrediction,13,1092,2.7882328
0,7117,8215,0,hasCapacityPrediction,13,1092,2.6663952
0,7118,8216,0,hasCapacityPrediction,13,1092,2.6134179
0,7119,8217,0,hasCapacityPrediction,13,1092,3.40303
0,7120,8218,0,hasCapacityPrediction,13,1092,3.511477
0,7121,8219,0,hasCapacityPrediction,13,1092,3.0537667
0,7122,8220,0,hasCapacityPrediction,13,1092,1.8494004
0,7123,8221,0,hasCapacityPrediction,13,1092,3.1523864
0,7124,8222,0,hasCapacityPrediction,13,1092,2.3781073
0,7125,8223,0,hasCapacityPrediction,13,1092,2.9256058
0,7126,8224,0,hasCapacityPrediction,13,1092,2.876374
0,7127,8225,0,hasCapacityPrediction,13,1092,2.3942213
0,7128,8226,0,hasCapacityPrediction,13,1092,2.613484
0,7129,8227,0,hasCapacityPrediction,13,1092,3.5643063
0,7130,8228,0,hasCapacityPrediction,13,1092,2.7892497
0,7131,8229,0,hasCapacityPrediction,13,1092,3.4882145
0,7132,8230,0,hasCapacityPrediction,13,1092,2.4920766
0,7133,8231,0,hasCapacityPrediction,13,1092,2.4583113
0,7134,8232,0,hasCapacityPrediction,13,1092,2.2238443
0,7135,8233,0,hasCapacityPrediction,13,1092,2.9231443
0,7136,8234,0,hasCapacityPrediction,13,1092,2.2067487
0,7137,8235,0,hasCapacityPrediction,13,1092,2.8727853
0,7138,8236,0,hasCapacityPrediction,13,1092,2.6553478
